[
    {
        "_id": "c1de62b9-ca88-4876-b555-fabab15c640c",
        "customerID": "0d4a13c3-c9ef-40f2-8516-58de00809364",
        "houseNumber": "722",
        "street": "Ricky view",
        "city": "New Sandrahaven",
        "postcode": "WD3V0"
    },
    {
        "_id": "02d50c2d-bad8-4c8f-9971-27e462bdb8c0",
        "customerID": "0d4a13c3-c9ef-40f2-8516-58de00809364",
        "houseNumber": "279",
        "street": "Bird drive",
        "city": "Williamsonstad",
        "postcode": "E0K8H"
    },
    {
        "_id": "7b705504-516d-441b-91c1-3b6591d933d1",
        "customerID": "0d4a13c3-c9ef-40f2-8516-58de00809364",
        "houseNumber": "182",
        "street": "Moore mountain",
        "city": "New Kirsty",
        "postcode": "DE792"
    },
    {
        "_id": "2c24bf80-a5dc-480d-8e35-e0a60d0b7a4f",
        "customerID": "7c36c0d0-8092-4579-a063-6828e7d2f743",
        "houseNumber": "2",
        "street": "Marcus well",
        "city": "Juliastad",
        "postcode": "M10YZ"
    },
    {
        "_id": "ec4453d9-2027-4cd5-8136-bd7d7a3b0618",
        "customerID": "7c36c0d0-8092-4579-a063-6828e7d2f743",
        "houseNumber": "23",
        "street": "Hayley terrace",
        "city": "Iainland",
        "postcode": "LS367"
    },
    {
        "_id": "e0fa1e86-a24b-46e2-88fe-ff2dbb6bd375",
        "customerID": "cbb2b56d-af38-466a-be7c-7c6743092fde",
        "houseNumber": "9",
        "street": "Duncan parks",
        "city": "Lesleyhaven",
        "postcode": "W8S4U"
    },
    {
        "_id": "265c16a4-d265-4c63-b0ee-0e761b6dea54",
        "customerID": "cbb2b56d-af38-466a-be7c-7c6743092fde",
        "houseNumber": "091",
        "street": "Griffiths greens",
        "city": "Whitestad",
        "postcode": "S699Z"
    },
    {
        "_id": "a93458d6-ba5f-4446-9485-a37142baf6bb",
        "customerID": "cbb2b56d-af38-466a-be7c-7c6743092fde",
        "houseNumber": "3",
        "street": "Gemma view",
        "city": "South Georgiachester",
        "postcode": "L44BL"
    },
    {
        "_id": "41cd8ba6-d217-41ce-ab59-88514f9eb086",
        "customerID": "b400e118-2f85-4357-911c-40efdb28f9b1",
        "houseNumber": "7",
        "street": "Gareth key",
        "city": "Port Lynnemouth",
        "postcode": "CM4A6"
    },
    {
        "_id": "2f50ab08-ba55-4d18-b6f7-364240d37165",
        "customerID": "985185cb-0785-4eb8-83a6-0f54d7010423",
        "houseNumber": "5",
        "street": "Amber ranch",
        "city": "Wardberg",
        "postcode": "B328P"
    },
    {
        "_id": "1f607295-afd3-4f1d-8a5c-c00eca7917d8",
        "customerID": "0b2b1d5e-514b-42b9-839e-2d9534aaef34",
        "houseNumber": "234",
        "street": "Toby fords",
        "city": "Lake Tracymouth",
        "postcode": "M25QB"
    },
    {
        "_id": "ef768dff-19b4-49c4-a712-d115c81ba35f",
        "customerID": "12c70310-7c01-40a4-a080-004a582f808e",
        "houseNumber": "5",
        "street": "Wilson ferry",
        "city": "South Maureenton",
        "postcode": "M076X"
    },
    {
        "_id": "09b96a53-d673-4a54-95a7-831c48605bbd",
        "customerID": "12c70310-7c01-40a4-a080-004a582f808e",
        "houseNumber": "8",
        "street": "Daniel gardens",
        "city": "East Adrian",
        "postcode": "E285Y"
    },
    {
        "_id": "dc145661-b4d8-4155-ad25-6c05cf19f46c",
        "customerID": "207deac5-535b-4173-b1f5-2952277b18c4",
        "houseNumber": "1",
        "street": "Thorpe bypass",
        "city": "Joshmouth",
        "postcode": "OL145"
    },
    {
        "_id": "75ebf6ba-085f-4dde-b36d-5cf0f459040c",
        "customerID": "02344ef8-0221-4090-a294-ba5c0779fe20",
        "houseNumber": "68",
        "street": "Kathryn wells",
        "city": "North Neil",
        "postcode": "S998U"
    },
    {
        "_id": "49525718-2410-475d-9e14-e9867aebeaf0",
        "customerID": "02344ef8-0221-4090-a294-ba5c0779fe20",
        "houseNumber": "817",
        "street": "Phillip lock",
        "city": "North Catherine",
        "postcode": "M285U"
    },
    {
        "_id": "60787dde-aaf0-421a-a058-67591fe39657",
        "customerID": "3771b274-e5e2-4b02-9406-01f1ae5b9090",
        "houseNumber": "3",
        "street": "Armstrong estate",
        "city": "Carolburgh",
        "postcode": "E346F"
    },
    {
        "_id": "fe784edd-a4bb-4239-b94a-7b1d67ed4d66",
        "customerID": "3771b274-e5e2-4b02-9406-01f1ae5b9090",
        "houseNumber": "670",
        "street": "Katherine green",
        "city": "Graemetown",
        "postcode": "PO263"
    },
    {
        "_id": "166b81a6-e7cf-47c5-bdf1-59229c342128",
        "customerID": "3771b274-e5e2-4b02-9406-01f1ae5b9090",
        "houseNumber": "24",
        "street": "Rogers rest",
        "city": "Tobyberg",
        "postcode": "TR689"
    },
    {
        "_id": "d93e659f-8f7a-49b2-8c73-8fe3d4dee19a",
        "customerID": "4e192300-88e8-425a-bd6e-80d54a3b25cc",
        "houseNumber": "8",
        "street": "Roberts track",
        "city": "Lake Rachel",
        "postcode": "E9C6R"
    },
    {
        "_id": "24bf854d-32c3-412f-8252-9a6ea3eea5af",
        "customerID": "4e192300-88e8-425a-bd6e-80d54a3b25cc",
        "houseNumber": "5",
        "street": "Smith club",
        "city": "West Carolyn",
        "postcode": "M4B5L"
    },
    {
        "_id": "bbb15950-d9b1-4cdc-a148-471cda25f412",
        "customerID": "4e192300-88e8-425a-bd6e-80d54a3b25cc",
        "houseNumber": "261",
        "street": "Mason dale",
        "city": "New Stuart",
        "postcode": "LD4W8"
    },
    {
        "_id": "8ad6f052-5eb0-4904-9597-5e26af999028",
        "customerID": "2284da68-2d43-46c4-824c-0a6e7c1a314f",
        "houseNumber": "377",
        "street": "Morgan cape",
        "city": "South Alexchester",
        "postcode": "W097E"
    },
    {
        "_id": "c9bce6e6-c76f-4924-9357-229df7ddcd0e",
        "customerID": "2284da68-2d43-46c4-824c-0a6e7c1a314f",
        "houseNumber": "901",
        "street": "Thomas ridge",
        "city": "South Ian",
        "postcode": "B86DT"
    },
    {
        "_id": "f3a339ff-527e-4ea4-9d36-28b0da276ceb",
        "customerID": "af55935a-dc9c-4adf-b370-7249845d61cf",
        "houseNumber": "9",
        "street": "Allan mountain",
        "city": "Campbellburgh",
        "postcode": "E279B"
    },
    {
        "_id": "3577d7d1-f26f-46f9-a1cd-3eeea3cefc28",
        "customerID": "5085c27c-2f18-4008-b343-d481a3b05a01",
        "houseNumber": "9",
        "street": "Dean port",
        "city": "Robertsmouth",
        "postcode": "N30RH"
    },
    {
        "_id": "895a2422-88a5-4381-bbf1-8fe8b93cbf5f",
        "customerID": "62485382-5586-4e45-bec1-932388808ae3",
        "houseNumber": "50",
        "street": "Akhtar rest",
        "city": "Matthewsborough",
        "postcode": "B855G"
    },
    {
        "_id": "ff1e3051-a368-48c6-972a-56027894f239",
        "customerID": "62485382-5586-4e45-bec1-932388808ae3",
        "houseNumber": "00",
        "street": "Rosie points",
        "city": "Jakeland",
        "postcode": "L410J"
    },
    {
        "_id": "3f2f265b-4f73-4cb2-83a0-37231e5ef795",
        "customerID": "2b04e2bd-d6db-41c5-9577-e35bd822c2ee",
        "houseNumber": "4",
        "street": "Wood forest",
        "city": "South Shanehaven",
        "postcode": "CO59B"
    },
    {
        "_id": "ba74afe0-291b-4f7e-aab5-d06e4fb66d96",
        "customerID": "a2a6a74e-c38c-4ef0-a841-6df802acee83",
        "houseNumber": "930",
        "street": "Saunders flat",
        "city": "East Howard",
        "postcode": "EN0W1"
    },
    {
        "_id": "cf5d1407-f0e0-4781-88be-c447dca95ca7",
        "customerID": "a2a6a74e-c38c-4ef0-a841-6df802acee83",
        "houseNumber": "88",
        "street": "Nelson flat",
        "city": "East Claireport",
        "postcode": "GY0N6"
    },
    {
        "_id": "a63040ec-0623-4e32-8ad1-8dd89bbb0537",
        "customerID": "a2a6a74e-c38c-4ef0-a841-6df802acee83",
        "houseNumber": "55",
        "street": "Morgan lock",
        "city": "New Bradleyport",
        "postcode": "M48YU"
    },
    {
        "_id": "6bf5b751-c838-49ea-9594-684cbdac8454",
        "customerID": "68d93e09-5112-4dd3-8b62-a317896bb0d7",
        "houseNumber": "51",
        "street": "Nigel rest",
        "city": "Clarkport",
        "postcode": "M05LL"
    },
    {
        "_id": "6592a74f-945c-4392-94f8-e3e6c0ad0f77",
        "customerID": "bab9fc88-4eba-4240-821c-8e1448510635",
        "houseNumber": "8",
        "street": "Cole brook",
        "city": "Dennishaven",
        "postcode": "G1S5Z"
    },
    {
        "_id": "520b9c88-7f15-4adf-9c66-03b73dba4d92",
        "customerID": "e06f4a28-ee48-4cbb-bc03-1ee491d00a25",
        "houseNumber": "2",
        "street": "Moore center",
        "city": "West Damien",
        "postcode": "G6B5J"
    },
    {
        "_id": "7d1d63ea-1f77-4d6e-a089-2af69aac37eb",
        "customerID": "e06f4a28-ee48-4cbb-bc03-1ee491d00a25",
        "houseNumber": "7",
        "street": "Ian plain",
        "city": "East Janeport",
        "postcode": "DG6Y5"
    },
    {
        "_id": "49ee1804-6081-4251-b4d8-7799ea3ef351",
        "customerID": "e06f4a28-ee48-4cbb-bc03-1ee491d00a25",
        "houseNumber": "4",
        "street": "Georgina bypass",
        "city": "Brianfurt",
        "postcode": "B562G"
    }
]