[
    {
        "_id": "0d4a13c3-c9ef-40f2-8516-58de00809364",
        "name": "Simon Owen",
        "gender": "Male",
        "age": 60,
        "defaultAddresses": {
            "default": {
                "houseNumber": "4",
                "street": "Wendy ranch",
                "city": "Lake Amanda",
                "postcode": "TQ08W"
            },
            "shipping": {
                "houseNumber": "049",
                "street": "Jay crest",
                "city": "Manchester",
                "postcode": "M70ND"
            },
            "billing": {
                "houseNumber": "378",
                "street": "Jackson mountain",
                "city": "Barrytown",
                "postcode": "L08DG"
            }
        },
        "addresses": [
            "c1de62b9-ca88-4876-b555-fabab15c640c",
            "02d50c2d-bad8-4c8f-9971-27e462bdb8c0",
            "7b705504-516d-441b-91c1-3b6591d933d1"
        ],
        "currentOrders": [
            {
                "_id": "464766d2-042f-4026-8148-e15304a11da6",
                "status": "Pending",
                "orderItems": [
                    {
                        "quantity": 1,
                        "productID": "b11bfc0a-fc3c-48b1-a609-33acc8710f1f"
                    },
                    {
                        "quantity": 1,
                        "productID": "3db7c5b5-6005-43ec-83e4-8c27b5781842"
                    },
                    {
                        "quantity": 1,
                        "productID": "91c26081-d2b4-4d49-91d2-0d07e55b0b2f"
                    }
                ],
                "totalOrderCost": 30690
            },
            {
                "_id": "1d58097f-b27d-433b-80ea-0a35f2ab76ee",
                "status": "Pending",
                "orderItems": [
                    {
                        "quantity": 3,
                        "productID": "3a43af35-59b6-4b58-93dc-1edcbcb9cf06"
                    },
                    {
                        "quantity": 1,
                        "productID": "568809a9-da00-425a-811f-8248623f0909"
                    }
                ],
                "totalOrderCost": 129810
            }
        ],
        "pastOrders": [
            "82ff2936-7244-42f7-bc5a-1fd977ff341d",
            "3c0034c8-2c4d-42f7-9074-b963d256048a",
            "295e067a-70ad-4185-931a-7d850b0c95c5",
            "a9b7279c-398b-4df8-828f-1497c59f8b62",
            "5aa439d5-687e-4327-a659-1a8111851411"
        ],
        "recommendedProducts": [
            {
                "productID": "90bae369-3a93-4c2f-85fc-58f46fda5899",
                "productName": "Necessitatibus"
            },
            {
                "productID": "b11bfc0a-fc3c-48b1-a609-33acc8710f1f",
                "productName": "O, dio!"
            }
        ],
        "location": {
            "type": "Point",
            "coordinates": [
                -73.546230,
                78.102283
            ]
        }
    },
    {
        "_id": "7c36c0d0-8092-4579-a063-6828e7d2f743",
        "name": "Abdul Bennett",
        "gender": "Male",
        "age": 80,
        "defaultAddresses": {
            "default": {
                "houseNumber": "9",
                "street": "Zoe ford",
                "city": "West Francesstad",
                "postcode": "PA4X2"
            },
            "shipping": {
                "houseNumber": "7",
                "street": "Helen parkways",
                "city": "Manchester",
                "postcode": "M217W"
            },
            "billing": {
                "houseNumber": "1",
                "street": "Charlie islands",
                "city": "New Anne",
                "postcode": "SG09Y"
            }
        },
        "addresses": [
            "2c24bf80-a5dc-480d-8e35-e0a60d0b7a4f",
            "ec4453d9-2027-4cd5-8136-bd7d7a3b0618"
        ],
        "currentOrders": [
            {
                "_id": "5d989760-bbf9-4c0e-8c4a-4f62d9dd5fc9",
                "status": "Pending",
                "orderItems": [
                    {
                        "quantity": 2,
                        "productID": "6661ede7-d350-4434-99d5-1573fabfcea0"
                    }
                ],
                "totalOrderCost": 60000
            },
            {
                "_id": "c1a910a5-aa8b-499f-b907-c727f00c2c4a",
                "status": "Pending",
                "orderItems": [
                    {
                        "quantity": 1,
                        "productID": "bbd9f607-fd5b-4780-bba3-9a263ee776f0"
                    }
                ],
                "totalOrderCost": 135
            }
        ],
        "pastOrders": [
            "c4be3b52-8041-453d-9530-abc3dc8f3cc8",
            "6b4adc5d-8056-4fb4-99c8-dadf2c8ebf99",
            "b547535b-0ba8-4e29-ae42-3292ce77af79",
            "e75e3921-be2c-4abd-8810-e47de859b22a",
            "f1534fe7-7bde-43bd-921d-2bfc88df8026"
        ],
        "recommendedProducts": [
            {
                "productID": "90bae369-3a93-4c2f-85fc-58f46fda5899",
                "productName": "Necessitatibus"
            },
            {
                "productID": "40654271-59d1-41e8-acfe-b5e7c4dd671b",
                "productName": "FrostFree Fridge"
            }
        ],
        "location": {
            "type": "Point",
            "coordinates": [
                -11.333823,
                -57.8627665
            ]
        }
    },
    {
        "_id": "cbb2b56d-af38-466a-be7c-7c6743092fde",
        "name": "Maria Roberts",
        "gender": "Female",
        "age": 74,
        "defaultAddresses": {
            "default": {
                "houseNumber": "4",
                "street": "Geraldine stravenue",
                "city": "Alexanderberg",
                "postcode": "CA38A"
            },
            "shipping": {
                "houseNumber": "502",
                "street": "Annette forest",
                "city": "Manchester",
                "postcode": "M480D"
            },
            "billing": {
                "houseNumber": "47",
                "street": "Hughes ways",
                "city": "New Paigemouth",
                "postcode": "S1W2P"
            }
        },
        "addresses": [
            "e0fa1e86-a24b-46e2-88fe-ff2dbb6bd375",
            "265c16a4-d265-4c63-b0ee-0e761b6dea54",
            "a93458d6-ba5f-4446-9485-a37142baf6bb"
        ],
        "currentOrders": [
            {
                "_id": "d4f449f0-3291-4c6b-96a1-ff3a5a1cc6a5",
                "status": "Pending",
                "orderItems": [
                    {
                        "quantity": 4,
                        "productID": "3e4010ff-ce60-4642-9832-ade640f2bbb6"
                    }
                ],
                "totalOrderCost": 11040
            },
            {
                "_id": "11eb548a-1916-4152-b8bd-4f01546ba223",
                "status": "Pending",
                "orderItems": [
                    {
                        "quantity": 3,
                        "productID": "a00825f6-eb59-4279-9dbf-c397e7e6c3d8"
                    },
                    {
                        "quantity": 5,
                        "productID": "6661ede7-d350-4434-99d5-1573fabfcea0"
                    }
                ],
                "totalOrderCost": 151464
            }
        ],
        "pastOrders": [
            "e769dffb-004a-4572-a30a-421df0624e50",
            "5a2e6818-4104-4331-8fbc-d361d10868df",
            "ce3559e4-0006-4ba5-b5c2-ebd1e66137ed",
            "5b6959c2-6f3d-413e-b096-7d3f3f49fe8c",
            "c9d50ab7-04e0-4e04-aad6-d7dec97cc96f"
        ],
        "recommendedProducts": [
            {
                "productID": "90bae369-3a93-4c2f-85fc-58f46fda5899",
                "productName": "Necessitatibus"
            },
            {
                "productID": "0fce1bf3-7cd7-423c-89b9-96e44caee05a",
                "productName": "EcoWash Deluxe"
            }
        ],
        "location": {
            "type": "Point",
            "coordinates": [
                166.577134,
                -60.182860
            ]
        }
    },
    {
        "_id": "b400e118-2f85-4357-911c-40efdb28f9b1",
        "name": "Dr Anna Houghton",
        "gender": "Other",
        "age": 72,
        "defaultAddresses": {
            "default": {
                "houseNumber": "745",
                "street": "Dorothy turnpike",
                "city": "Millsmouth",
                "postcode": "W618L"
            },
            "shipping": {
                "houseNumber": "942",
                "street": "Naomi junctions",
                "city": "Manchester",
                "postcode": "M451N"
            },
            "billing": {
                "houseNumber": "8",
                "street": "Jamie freeway",
                "city": "Daviesville",
                "postcode": "GY1H5"
            }
        },
        "addresses": [
            "41cd8ba6-d217-41ce-ab59-88514f9eb086"
        ],
        "currentOrders": [
            {
                "_id": "979a5309-3687-4b26-b01d-b30ae798b3f7",
                "status": "Pending",
                "orderItems": [
                    {
                        "quantity": 1,
                        "productID": "8bd5743f-9c3e-47eb-aa50-dd37860e1100"
                    },
                    {
                        "quantity": 3,
                        "productID": "e3d8bb1c-7215-40c1-8766-2ca6238e9173"
                    }
                ],
                "totalOrderCost": 141890
            },
            {
                "_id": "67a1c0db-291d-45ff-8407-3981a2b3663a",
                "status": "Pending",
                "orderItems": [
                    {
                        "quantity": 4,
                        "productID": "3db7c5b5-6005-43ec-83e4-8c27b5781842"
                    },
                    {
                        "quantity": 5,
                        "productID": "40654271-59d1-41e8-acfe-b5e7c4dd671b"
                    },
                    {
                        "quantity": 5,
                        "productID": "bbd1b566-d68c-40ae-b156-3824622cad4a"
                    }
                ],
                "totalOrderCost": 629780
            }
        ],
        "pastOrders": [
            "617efb08-0113-4bb1-8a19-56d57e43c956",
            "1c7fd6d6-3bac-4221-9718-249de7b3a6b0",
            "9fa5e187-17c8-489b-8430-dc6faf59dd3f",
            "3e80a699-d585-43dd-bdb8-ba05bc9f23fc",
            "ba0636e3-e465-4501-88f4-0ede1e08ac99"
        ],
        "recommendedProducts": [
            {
                "productID": "90bae369-3a93-4c2f-85fc-58f46fda5899",
                "productName": "Necessitatibus"
            },
            {
                "productID": "40654271-59d1-41e8-acfe-b5e7c4dd671b",
                "productName": "FrostFree Fridge"
            }
        ],
        "location": {
            "type": "Point",
            "coordinates": [
                43.694415,
                -37.6759575
            ]
        }
    },
    {
        "_id": "985185cb-0785-4eb8-83a6-0f54d7010423",
        "name": "Elliot Scott",
        "gender": "Male",
        "age": 72,
        "defaultAddresses": {
            "default": {
                "houseNumber": "399",
                "street": "Megan club",
                "city": "Lake Luketon",
                "postcode": "CO7V8"
            },
            "shipping": {
                "houseNumber": "819",
                "street": "Morgan lodge",
                "city": "Manchester",
                "postcode": "M312P"
            },
            "billing": {
                "houseNumber": "81",
                "street": "Hannah courts",
                "city": "East Eleanorland",
                "postcode": "OX07W"
            }
        },
        "addresses": [
            "2f50ab08-ba55-4d18-b6f7-364240d37165"
        ],
        "currentOrders": [
            {
                "_id": "7fd8605b-88fa-4626-9bd3-459740eaae06",
                "status": "Pending",
                "orderItems": [
                    {
                        "quantity": 5,
                        "productID": "530dbf77-1720-45a0-b31b-f06b736115f5"
                    },
                    {
                        "quantity": 5,
                        "productID": "9f4c1d85-2e0a-4b5c-86c8-c825e20591d8"
                    },
                    {
                        "quantity": 3,
                        "productID": "fbf553e8-2eaa-4e01-9d55-9da1a366cc5f"
                    }
                ],
                "totalOrderCost": 27850
            },
            {
                "_id": "3c281926-23cc-4e1c-ac8c-82407a347094",
                "status": "Pending",
                "orderItems": [
                    {
                        "quantity": 1,
                        "productID": "3e4010ff-ce60-4642-9832-ade640f2bbb6"
                    },
                    {
                        "quantity": 4,
                        "productID": "975c40d3-8c4a-46c7-9bc7-d7e826f7d173"
                    }
                ],
                "totalOrderCost": 4520
            }
        ],
        "pastOrders": [
            "fdfee3cb-4338-46d4-8cb0-777e2df64a6c",
            "0d2dce1f-b1d3-4370-a6ce-18689bd2fba1",
            "156b13dc-4139-465a-92fd-de98a851ec2b",
            "29b0361e-ca71-43fa-a6cb-51ceaf2f3b05",
            "1e95b587-2adc-4143-97e3-5cd8dd236e5e"
        ],
        "recommendedProducts": [
            {
                "productID": "2362dae9-b485-4423-b314-d43ef399b3df",
                "productName": "Back in Blue"
            },
            {
                "productID": "0fce1bf3-7cd7-423c-89b9-96e44caee05a",
                "productName": "EcoWash Deluxe"
            }
        ],
        "location": {
            "type": "Point",
            "coordinates": [
                -74.051907,
                -36.290919
            ]
        }
    },
    {
        "_id": "0b2b1d5e-514b-42b9-839e-2d9534aaef34",
        "name": "Chris Jones",
        "gender": "Male",
        "age": 19,
        "defaultAddresses": {
            "default": {
                "houseNumber": "8",
                "street": "Iain street",
                "city": "Port Frederick",
                "postcode": "S6B2Q"
            },
            "shipping": {
                "houseNumber": "3",
                "street": "Ellis junctions",
                "city": "Manchester",
                "postcode": "M579T"
            },
            "billing": {
                "houseNumber": "384",
                "street": "Nicola avenue",
                "city": "Port Kevinberg",
                "postcode": "N3B4Y"
            }
        },
        "addresses": [
            "1f607295-afd3-4f1d-8a5c-c00eca7917d8"
        ],
        "currentOrders": [
            {
                "_id": "778eebe8-37aa-4fa9-8e49-12b4fa776151",
                "status": "Pending",
                "orderItems": [
                    {
                        "quantity": 1,
                        "productID": "c6107800-060f-4283-b5ce-38b9d2d01fbc"
                    }
                ],
                "totalOrderCost": 3460
            },
            {
                "_id": "b2466c81-5931-43ac-884d-d8330ef8d5e0",
                "status": "Pending",
                "orderItems": [
                    {
                        "quantity": 4,
                        "productID": "06df6730-5197-4815-8016-015f7abd7208"
                    }
                ],
                "totalOrderCost": 840
            }
        ],
        "pastOrders": [
            "d9cfd46a-fdef-419d-af2b-2b44214c060d",
            "d1e1c477-d232-4599-a014-ab7c6c3ca879",
            "ad15c344-580f-4fb0-8ed4-8d8d75e7f302",
            "775a09eb-3b43-4bcf-aa4f-af33759f28bf",
            "27649943-c844-4a63-8104-3ad438218fef"
        ],
        "recommendedProducts": [
            {
                "productID": "2362dae9-b485-4423-b314-d43ef399b3df",
                "productName": "Back in Blue"
            },
            {
                "productID": "90bae369-3a93-4c2f-85fc-58f46fda5899",
                "productName": "Necessitatibus"
            }
        ],
        "location": {
            "type": "Point",
            "coordinates": [
                -94.808094,
                -77.9212925
            ]
        }
    },
    {
        "_id": "12c70310-7c01-40a4-a080-004a582f808e",
        "name": "Pamela Howe",
        "gender": "Female",
        "age": 42,
        "defaultAddresses": {
            "default": {
                "houseNumber": "735",
                "street": "Little turnpike",
                "city": "Deanmouth",
                "postcode": "E426Y"
            },
            "shipping": {
                "houseNumber": "382",
                "street": "Hill lane",
                "city": "Manchester",
                "postcode": "M26A3"
            },
            "billing": {
                "houseNumber": "8",
                "street": "Ben mill",
                "city": "Hammondberg",
                "postcode": "M11LZ"
            }
        },
        "addresses": [
            "ef768dff-19b4-49c4-a712-d115c81ba35f",
            "09b96a53-d673-4a54-95a7-831c48605bbd"
        ],
        "currentOrders": [
            {
                "_id": "7552c180-4e29-4caf-b454-762286e67980",
                "status": "Pending",
                "orderItems": [
                    {
                        "quantity": 1,
                        "productID": "c91b6a6e-857a-46a5-8c11-dc83bec4fc90"
                    },
                    {
                        "quantity": 2,
                        "productID": "530dbf77-1720-45a0-b31b-f06b736115f5"
                    },
                    {
                        "quantity": 4,
                        "productID": "40654271-59d1-41e8-acfe-b5e7c4dd671b"
                    }
                ],
                "totalOrderCost": 492000
            },
            {
                "_id": "7b1cbc63-d607-4b78-aff5-81e01181f7f1",
                "status": "Pending",
                "orderItems": [
                    {
                        "quantity": 1,
                        "productID": "b0ad5640-75df-4612-82b3-6edd9d1a873d"
                    },
                    {
                        "quantity": 5,
                        "productID": "72000139-bd3b-4824-92ce-145a1ab6b7ea"
                    }
                ],
                "totalOrderCost": 2510
            }
        ],
        "pastOrders": [
            "2079499a-744f-4175-b928-7073db80f668",
            "0f784ac6-1923-4bc7-a502-ecbd4a74c87b",
            "0c73ea41-2caf-43d4-8fe4-4d3ac781aa40",
            "7a37f727-08c6-4fc0-b932-d821e8643339",
            "dee6c1b7-00b4-4646-af50-d01a6ab142a9"
        ],
        "recommendedProducts": [
            {
                "productID": "b11bfc0a-fc3c-48b1-a609-33acc8710f1f",
                "productName": "O, dio!"
            },
            {
                "productID": "90bae369-3a93-4c2f-85fc-58f46fda5899",
                "productName": "Necessitatibus"
            }
        ],
        "location": {
            "type": "Point",
            "coordinates": [
                92.608156,
                28.2816445
            ]
        }
    },
    {
        "_id": "207deac5-535b-4173-b1f5-2952277b18c4",
        "name": "Dr Joe Brown",
        "gender": "Other",
        "age": 41,
        "defaultAddresses": {
            "default": {
                "houseNumber": "8",
                "street": "Marilyn freeway",
                "city": "Armstrongton",
                "postcode": "IG449"
            },
            "shipping": {
                "houseNumber": "18",
                "street": "Zoe junctions",
                "city": "Manchester",
                "postcode": "M529S"
            },
            "billing": {
                "houseNumber": "28",
                "street": "Clark shoal",
                "city": "Williamsview",
                "postcode": "CT0V8"
            }
        },
        "addresses": [
            "dc145661-b4d8-4155-ad25-6c05cf19f46c"
        ],
        "currentOrders": [
            {
                "_id": "70bbe9cf-6581-4dfa-8efe-192e39ad1be8",
                "status": "Pending",
                "orderItems": [
                    {
                        "quantity": 4,
                        "productID": "b0ad5640-75df-4612-82b3-6edd9d1a873d"
                    }
                ],
                "totalOrderCost": 1040
            },
            {
                "_id": "b2e0e83d-b37a-416a-8f63-d5c906526a3e",
                "status": "Pending",
                "orderItems": [
                    {
                        "quantity": 1,
                        "productID": "bbd1b566-d68c-40ae-b156-3824622cad4a"
                    }
                ],
                "totalOrderCost": 2340
            }
        ],
        "pastOrders": [
            "4ea76a4e-3bb2-4ea3-a8e0-6af8b343a8d3",
            "4b23bccc-5749-4bb1-83a8-c8712bfc6916",
            "250f7ab6-0def-4e7d-ace8-1c6ab73d3c30",
            "d60c39ac-2521-4dae-91fb-6faacc1cf90f",
            "e131542b-f308-4f98-a501-5dab17101fc5"
        ],
        "recommendedProducts": [
            {
                "productID": "40654271-59d1-41e8-acfe-b5e7c4dd671b",
                "productName": "FrostFree Fridge"
            },
            {
                "productID": "90bae369-3a93-4c2f-85fc-58f46fda5899",
                "productName": "Necessitatibus"
            }
        ],
        "location": {
            "type": "Point",
            "coordinates": [
                40.694908,
                -60.404285
            ]
        }
    },
    {
        "_id": "02344ef8-0221-4090-a294-ba5c0779fe20",
        "name": "Ann Jones",
        "gender": "Female",
        "age": 79,
        "defaultAddresses": {
            "default": {
                "houseNumber": "74",
                "street": "Gavin curve",
                "city": "Karlmouth",
                "postcode": "S408A"
            },
            "shipping": {
                "houseNumber": "03",
                "street": "Liam hill",
                "city": "Manchester",
                "postcode": "M262F"
            },
            "billing": {
                "houseNumber": "68",
                "street": "Morton ramp",
                "city": "Nicholsonland",
                "postcode": "CV2B9"
            }
        },
        "addresses": [
            "75ebf6ba-085f-4dde-b36d-5cf0f459040c",
            "49525718-2410-475d-9e14-e9867aebeaf0"
        ],
        "currentOrders": [
            {
                "_id": "00b5916a-bd02-49a5-9358-c6716ae8b265",
                "status": "Pending",
                "orderItems": [
                    {
                        "quantity": 4,
                        "productID": "d574f881-8a8c-4017-af36-0680efe3c55b"
                    },
                    {
                        "quantity": 3,
                        "productID": "975c40d3-8c4a-46c7-9bc7-d7e826f7d173"
                    },
                    {
                        "quantity": 4,
                        "productID": "06df6730-5197-4815-8016-015f7abd7208"
                    }
                ],
                "totalOrderCost": 302160
            },
            {
                "_id": "5cd12bba-2a58-4d76-8262-68e9a949b5d7",
                "status": "Pending",
                "orderItems": [
                    {
                        "quantity": 4,
                        "productID": "2ab160a8-9678-4ab4-a0e5-70e61bfba3ed"
                    },
                    {
                        "quantity": 1,
                        "productID": "3db7c5b5-6005-43ec-83e4-8c27b5781842"
                    }
                ],
                "totalOrderCost": 404120
            }
        ],
        "pastOrders": [
            "740db374-fe18-4e40-b32b-5b61f3e1942a",
            "a6271d59-2a63-4353-be8b-b05e7b36ec29",
            "7e036a70-a3af-43bd-ba08-bd711b3d3658",
            "20144c57-5870-4dff-ad79-71987f0e20a7",
            "1f3c91da-f4ff-45d6-98ed-d3f246b5be1e"
        ],
        "recommendedProducts": [
            {
                "productID": "90bae369-3a93-4c2f-85fc-58f46fda5899",
                "productName": "Necessitatibus"
            },
            {
                "productID": "b11bfc0a-fc3c-48b1-a609-33acc8710f1f",
                "productName": "O, dio!"
            }
        ],
        "location": {
            "type": "Point",
            "coordinates": [
                -144.327011,
                39.4567245
            ]
        }
    },
    {
        "_id": "3771b274-e5e2-4b02-9406-01f1ae5b9090",
        "name": "Toby Nixon",
        "gender": "Other",
        "age": 20,
        "defaultAddresses": {
            "default": {
                "houseNumber": "0",
                "street": "Joe viaduct",
                "city": "Reesport",
                "postcode": "M0U3R"
            },
            "shipping": {
                "houseNumber": "8",
                "street": "Rita pines",
                "city": "Manchester",
                "postcode": "M582T"
            },
            "billing": {
                "houseNumber": "161",
                "street": "Phillips spurs",
                "city": "Lake Bernard",
                "postcode": "WV849"
            }
        },
        "addresses": [
            "60787dde-aaf0-421a-a058-67591fe39657",
            "fe784edd-a4bb-4239-b94a-7b1d67ed4d66",
            "166b81a6-e7cf-47c5-bdf1-59229c342128"
        ],
        "currentOrders": [
            {
                "_id": "23bacff0-4c88-4255-a57f-a39a95afbfdb",
                "status": "Pending",
                "orderItems": [
                    {
                        "quantity": 1,
                        "productID": "173c12ff-75e0-44be-8c9a-d6136a67bd08"
                    },
                    {
                        "quantity": 4,
                        "productID": "0fce1bf3-7cd7-423c-89b9-96e44caee05a"
                    },
                    {
                        "quantity": 3,
                        "productID": "63ab5f43-1d30-4f71-9570-7474a4dfacf0"
                    }
                ],
                "totalOrderCost": 601860
            },
            {
                "_id": "7312f515-c9f5-4885-b29a-7e185b7f7129",
                "status": "Pending",
                "orderItems": [
                    {
                        "quantity": 4,
                        "productID": "0320cc12-122c-4f9e-9fda-fe7b74ab4d53"
                    },
                    {
                        "quantity": 3,
                        "productID": "3db7c5b5-6005-43ec-83e4-8c27b5781842"
                    },
                    {
                        "quantity": 2,
                        "productID": "aec0ad56-c5d0-4b86-ab49-e8507570b3d8"
                    }
                ],
                "totalOrderCost": 260360
            }
        ],
        "pastOrders": [
            "5c90c125-17e8-4425-9841-5f6000a11185",
            "a31ac1a4-2e73-46b8-8190-b6efe7f00d5e",
            "0d846e13-d6f7-41fa-b308-0a35c4b9d093",
            "87405dcf-3b96-47b9-b4ce-65723b2d9c57",
            "5a335d34-0e19-4823-b4ba-8d8303cd777d"
        ],
        "recommendedProducts": [
            {
                "productID": "2362dae9-b485-4423-b314-d43ef399b3df",
                "productName": "Back in Blue"
            },
            {
                "productID": "40654271-59d1-41e8-acfe-b5e7c4dd671b",
                "productName": "FrostFree Fridge"
            }
        ],
        "location": {
            "type": "Point",
            "coordinates": [
                -76.002733,
                62.680846
            ]
        }
    },
    {
        "_id": "4e192300-88e8-425a-bd6e-80d54a3b25cc",
        "name": "Stephan Saunders",
        "gender": "Male",
        "age": 26,
        "defaultAddresses": {
            "default": {
                "houseNumber": "3",
                "street": "Brown parks",
                "city": "East Bernardshire",
                "postcode": "CA300"
            },
            "shipping": {
                "houseNumber": "1",
                "street": "Wilson tunnel",
                "city": "Manchester",
                "postcode": "M465A"
            },
            "billing": {
                "houseNumber": "6",
                "street": "Howard street",
                "city": "Lake Jane",
                "postcode": "E50TQ"
            }
        },
        "addresses": [
            "d93e659f-8f7a-49b2-8c73-8fe3d4dee19a",
            "24bf854d-32c3-412f-8252-9a6ea3eea5af",
            "bbb15950-d9b1-4cdc-a148-471cda25f412"
        ],
        "currentOrders": [
            {
                "_id": "bed07c88-5d4e-4e22-b0c3-0f51a7a72dd9",
                "status": "Pending",
                "orderItems": [
                    {
                        "quantity": 2,
                        "productID": "32565dd1-c31a-4385-93f6-4ff523858e87"
                    }
                ],
                "totalOrderCost": 9340
            },
            {
                "_id": "7b149477-289d-4c0c-a30c-68d6ba4123c1",
                "status": "Pending",
                "orderItems": [
                    {
                        "quantity": 5,
                        "productID": "16ae5951-4f32-4417-9fd2-0ce4d3ade7d9"
                    },
                    {
                        "quantity": 1,
                        "productID": "29525264-6e37-4443-9c49-d6cdf34f7161"
                    }
                ],
                "totalOrderCost": 380430
            }
        ],
        "pastOrders": [
            "d969f08c-551a-4d76-954b-9f9264b1c0c5",
            "9cc7cdf6-7fab-4799-91c6-7ca555986e92",
            "b344ec02-fdd0-4d85-bd3f-bcfd5a7445b4",
            "4f98ce35-7f31-4ab7-a20d-68e020da2985",
            "932bf39c-3b46-4e09-bf6c-6254a413c48d"
        ],
        "recommendedProducts": [
            {
                "productID": "90bae369-3a93-4c2f-85fc-58f46fda5899",
                "productName": "Necessitatibus"
            },
            {
                "productID": "40654271-59d1-41e8-acfe-b5e7c4dd671b",
                "productName": "FrostFree Fridge"
            }
        ],
        "location": {
            "type": "Point",
            "coordinates": [
                -63.393149,
                36.638413
            ]
        }
    },
    {
        "_id": "2284da68-2d43-46c4-824c-0a6e7c1a314f",
        "name": "Sally Russell",
        "gender": "Female",
        "age": 71,
        "defaultAddresses": {
            "default": {
                "houseNumber": "364",
                "street": "Chapman island",
                "city": "Donaldbury",
                "postcode": "M42RJ"
            },
            "shipping": {
                "houseNumber": "4",
                "street": "Slater mountains",
                "city": "Manchester",
                "postcode": "M526A"
            },
            "billing": {
                "houseNumber": "601",
                "street": "Evans locks",
                "city": "Rossfurt",
                "postcode": "TN7R9"
            }
        },
        "addresses": [
            "8ad6f052-5eb0-4904-9597-5e26af999028",
            "c9bce6e6-c76f-4924-9357-229df7ddcd0e"
        ],
        "currentOrders": [
            {
                "_id": "9377656a-04e6-422e-8ab7-64a2f02c36ba",
                "status": "Pending",
                "orderItems": [
                    {
                        "quantity": 5,
                        "productID": "8af80953-cf99-4011-ae3c-75392390a04e"
                    },
                    {
                        "quantity": 3,
                        "productID": "2362dae9-b485-4423-b314-d43ef399b3df"
                    }
                ],
                "totalOrderCost": 414140
            },
            {
                "_id": "4d4c4266-a431-4244-b7f1-ed6042b2f30e",
                "status": "Pending",
                "orderItems": [
                    {
                        "quantity": 4,
                        "productID": "3db7c5b5-6005-43ec-83e4-8c27b5781842"
                    }
                ],
                "totalOrderCost": 18080
            }
        ],
        "pastOrders": [
            "300bd5e7-f925-40be-930d-67148db3a99e",
            "8cbac269-b33b-4b67-80f5-518c00ac6094",
            "5615eea7-1f43-4d49-bd89-d1a157280223",
            "e2b26c9c-d344-4060-9204-bda851ce51fa",
            "73ef9ef9-0bc6-4c18-a8f5-2e3eef079b7b"
        ],
        "recommendedProducts": [
            {
                "productID": "90bae369-3a93-4c2f-85fc-58f46fda5899",
                "productName": "Necessitatibus"
            },
            {
                "productID": "40654271-59d1-41e8-acfe-b5e7c4dd671b",
                "productName": "FrostFree Fridge"
            }
        ],
        "location": {
            "type": "Point",
            "coordinates": [
                10.889185,
                -63.8225775
            ]
        }
    },
    {
        "_id": "af55935a-dc9c-4adf-b370-7249845d61cf",
        "name": "Deedee Kay",
        "gender": "Female",
        "age": 57,
        "defaultAddresses": {
            "default": {
                "houseNumber": "23",
                "street": "Howe trail",
                "city": "Lynnshire",
                "postcode": "W2A9E"
            },
            "shipping": {
                "houseNumber": "287",
                "street": "Woods streets",
                "city": "Manchester",
                "postcode": "M56H2"
            },
            "billing": {
                "houseNumber": "87",
                "street": "Norton points",
                "city": "Annemouth",
                "postcode": "M56PJ"
            }
        },
        "addresses": [
            "f3a339ff-527e-4ea4-9d36-28b0da276ceb"
        ],
        "currentOrders": [
            {
                "_id": "2b2ac249-c433-4ef1-a3be-83e9626ac922",
                "status": "Pending",
                "orderItems": [
                    {
                        "quantity": 5,
                        "productID": "4c14be17-f142-4d67-aa1f-46f780d46db4"
                    },
                    {
                        "quantity": 2,
                        "productID": "72000139-bd3b-4824-92ce-145a1ab6b7ea"
                    }
                ],
                "totalOrderCost": 14600
            },
            {
                "_id": "56bc37ee-49eb-4fca-9e0b-f86c94d47bd9",
                "status": "Pending",
                "orderItems": [
                    {
                        "quantity": 4,
                        "productID": "e3d8bb1c-7215-40c1-8766-2ca6238e9173"
                    },
                    {
                        "quantity": 3,
                        "productID": "975c40d3-8c4a-46c7-9bc7-d7e826f7d173"
                    }
                ],
                "totalOrderCost": 3840
            }
        ],
        "pastOrders": [
            "38c3b459-44e6-47b5-8bf6-d83a1a60c18f",
            "6aca85b7-4fe9-4119-8238-b34bf12a8d49",
            "88d6dcdf-8981-4e78-94be-7aba031415f1",
            "c28fe8fd-1754-4e28-8862-579a8cb09684",
            "a660e5d0-f121-4346-9023-251144423417"
        ],
        "recommendedProducts": [
            {
                "productID": "b11bfc0a-fc3c-48b1-a609-33acc8710f1f",
                "productName": "O, dio!"
            },
            {
                "productID": "0fce1bf3-7cd7-423c-89b9-96e44caee05a",
                "productName": "EcoWash Deluxe"
            }
        ],
        "location": {
            "type": "Point",
            "coordinates": [
                -164.913347,
                49.291788
            ]
        }
    },
    {
        "_id": "5085c27c-2f18-4008-b343-d481a3b05a01",
        "name": "Jill Peters",
        "gender": "Female",
        "age": 45,
        "defaultAddresses": {
            "default": {
                "houseNumber": "817",
                "street": "Russell knoll",
                "city": "Nicolestad",
                "postcode": "WV458"
            },
            "shipping": {
                "houseNumber": "960",
                "street": "Michelle union",
                "city": "Manchester",
                "postcode": "M116H"
            },
            "billing": {
                "houseNumber": "87",
                "street": "Barbara fords",
                "city": "Lake Liam",
                "postcode": "N06UA"
            }
        },
        "addresses": [
            "3577d7d1-f26f-46f9-a1cd-3eeea3cefc28"
        ],
        "currentOrders": [
            {
                "_id": "9ae76199-b929-4327-8e8f-d8afb81b0dc1",
                "status": "Pending",
                "orderItems": [
                    {
                        "quantity": 5,
                        "productID": "03f6fd23-79ab-47f7-adeb-10d593fbd1b7"
                    },
                    {
                        "quantity": 1,
                        "productID": "9b407c95-5760-4c15-a787-bbbf919ffacc"
                    }
                ],
                "totalOrderCost": 483200
            },
            {
                "_id": "2a56c822-e4ff-4a59-8b3f-8982116d6437",
                "status": "Pending",
                "orderItems": [
                    {
                        "quantity": 2,
                        "productID": "29859217-aac2-4bf6-9fb1-33e7484e40fe"
                    }
                ],
                "totalOrderCost": 24000
            }
        ],
        "pastOrders": [
            "35328608-b748-4d82-aa71-0e7976a4129c",
            "49276f3d-05ce-4bc4-b6db-f6ec6e5416be",
            "a2fa5a6f-a7e6-4434-9410-5bf261ef5944",
            "de63a0c6-5ce6-4b25-af3f-2c9024146804",
            "db483ed8-33ff-46d9-82cd-0e42f555ab90"
        ],
        "recommendedProducts": [
            {
                "productID": "40654271-59d1-41e8-acfe-b5e7c4dd671b",
                "productName": "FrostFree Fridge"
            },
            {
                "productID": "90bae369-3a93-4c2f-85fc-58f46fda5899",
                "productName": "Necessitatibus"
            }
        ],
        "location": {
            "type": "Point",
            "coordinates": [
                2.900396,
                -56.4138405
            ]
        }
    },
    {
        "_id": "62485382-5586-4e45-bec1-932388808ae3",
        "name": "Track Farmer",
        "gender": "Male",
        "age": 77,
        "defaultAddresses": {
            "default": {
                "houseNumber": "7",
                "street": "Wilson garden",
                "city": "Malcolmville",
                "postcode": "SM69E"
            },
            "shipping": {
                "houseNumber": "6",
                "street": "Thomas courts",
                "city": "Manchester",
                "postcode": "M330Y"
            },
            "billing": {
                "houseNumber": "120",
                "street": "Richardson expressway",
                "city": "Catherineton",
                "postcode": "EX73D"
            }
        },
        "addresses": [
            "895a2422-88a5-4381-bbf1-8fe8b93cbf5f",
            "ff1e3051-a368-48c6-972a-56027894f239"
        ],
        "currentOrders": [
            {
                "_id": "96899f5b-15dc-43b9-8f8d-7ac5b50b0619",
                "status": "Pending",
                "orderItems": [
                    {
                        "quantity": 2,
                        "productID": "8d68eb6f-4f87-4db7-8904-7bea8fd41d9e"
                    }
                ],
                "totalOrderCost": 1500
            },
            {
                "_id": "6e22ba0e-8c66-402f-b14e-90ca64f57034",
                "status": "Pending",
                "orderItems": [
                    {
                        "quantity": 5,
                        "productID": "6f3468c4-6b9d-48ba-9f25-63ea82079014"
                    },
                    {
                        "quantity": 1,
                        "productID": "c91b6a6e-857a-46a5-8c11-dc83bec4fc90"
                    }
                ],
                "totalOrderCost": 54500
            }
        ],
        "pastOrders": [
            "e423ba12-5e3b-4bc7-b8de-611e5d735c3e",
            "228606a9-f602-40a5-adbc-b4ea30c6ba3d",
            "887c94fc-57ca-4b6f-93f0-07d39738e6ad",
            "e3b0d484-042f-45aa-aee1-84428dc5752a",
            "9378feac-fd86-40bf-936a-2eeda70d77b9"
        ],
        "recommendedProducts": [
            {
                "productID": "0fce1bf3-7cd7-423c-89b9-96e44caee05a",
                "productName": "EcoWash Deluxe"
            },
            {
                "productID": "90bae369-3a93-4c2f-85fc-58f46fda5899",
                "productName": "Necessitatibus"
            }
        ],
        "location": {
            "type": "Point",
            "coordinates": [
                -76.578758,
                -74.9982535
            ]
        }
    },
    {
        "_id": "2b04e2bd-d6db-41c5-9577-e35bd822c2ee",
        "name": "Jennie Robinson",
        "gender": "Female",
        "age": 27,
        "defaultAddresses": {
            "default": {
                "houseNumber": "8",
                "street": "Zoe light",
                "city": "New Elliotport",
                "postcode": "E48HS"
            },
            "shipping": {
                "houseNumber": "8",
                "street": "Davies lodge",
                "city": "Manchester",
                "postcode": "M424A"
            },
            "billing": {
                "houseNumber": "320",
                "street": "Howard dale",
                "city": "Lake Sophie",
                "postcode": "DH297"
            }
        },
        "addresses": [
            "3f2f265b-4f73-4cb2-83a0-37231e5ef795"
        ],
        "currentOrders": [
            {
                "_id": "737dc10d-5ef7-4368-8e68-b922283adf51",
                "status": "Pending",
                "orderItems": [
                    {
                        "quantity": 3,
                        "productID": "72000139-bd3b-4824-92ce-145a1ab6b7ea"
                    },
                    {
                        "quantity": 1,
                        "productID": "71227cf8-5f05-45e8-b98d-8fdb3131e6e5"
                    }
                ],
                "totalOrderCost": 3860
            },
            {
                "_id": "e1a24f7a-2383-4d50-a688-251f4748866e",
                "status": "Pending",
                "orderItems": [
                    {
                        "quantity": 2,
                        "productID": "3a43af35-59b6-4b58-93dc-1edcbcb9cf06"
                    }
                ],
                "totalOrderCost": 6540
            }
        ],
        "pastOrders": [
            "dff3ec11-a539-44b7-a7f4-24c9a4e8694d",
            "074b3984-8d5f-47e8-90c2-90313258fe90",
            "7c7c1251-2116-49dd-8923-3a0198359939",
            "ba27f95b-1cbe-4eeb-a1cc-28af96ec3b5b",
            "803d7397-7a00-4fa2-b400-cdd7a1594c80"
        ],
        "recommendedProducts": [
            {
                "productID": "90bae369-3a93-4c2f-85fc-58f46fda5899",
                "productName": "Necessitatibus"
            },
            {
                "productID": "b11bfc0a-fc3c-48b1-a609-33acc8710f1f",
                "productName": "O, dio!"
            }
        ],
        "location": {
            "type": "Point",
            "coordinates": [
                131.517671,
                5.634755
            ]
        }
    },
    {
        "_id": "a2a6a74e-c38c-4ef0-a841-6df802acee83",
        "name": "Karl Freeman-Dawson",
        "gender": "Male",
        "age": 41,
        "defaultAddresses": {
            "default": {
                "houseNumber": "43",
                "street": "Moore squares",
                "city": "Boothborough",
                "postcode": "L58XT"
            },
            "shipping": {
                "houseNumber": "07",
                "street": "Kenneth ports",
                "city": "Manchester",
                "postcode": "M442G"
            },
            "billing": {
                "houseNumber": "7",
                "street": "Timothy fields",
                "city": "Bennettbury",
                "postcode": "CW9E2"
            }
        },
        "addresses": [
            "ba74afe0-291b-4f7e-aab5-d06e4fb66d96",
            "cf5d1407-f0e0-4781-88be-c447dca95ca7",
            "a63040ec-0623-4e32-8ad1-8dd89bbb0537"
        ],
        "currentOrders": [
            {
                "_id": "8ddd03b6-93a2-419f-88c4-4d0069df6f46",
                "status": "Pending",
                "orderItems": [
                    {
                        "quantity": 2,
                        "productID": "2ab160a8-9678-4ab4-a0e5-70e61bfba3ed"
                    },
                    {
                        "quantity": 3,
                        "productID": "8bd5743f-9c3e-47eb-aa50-dd37860e1100"
                    },
                    {
                        "quantity": 5,
                        "productID": "6f3468c4-6b9d-48ba-9f25-63ea82079014"
                    }
                ],
                "totalOrderCost": 662300
            },
            {
                "_id": "cada1666-9701-4abd-b43e-4fa2d5b52697",
                "status": "Pending",
                "orderItems": [
                    {
                        "quantity": 5,
                        "productID": "3db7c5b5-6005-43ec-83e4-8c27b5781842"
                    },
                    {
                        "quantity": 3,
                        "productID": "3a43af35-59b6-4b58-93dc-1edcbcb9cf06"
                    },
                    {
                        "quantity": 2,
                        "productID": "0fce1bf3-7cd7-423c-89b9-96e44caee05a"
                    }
                ],
                "totalOrderCost": 332410
            }
        ],
        "pastOrders": [
            "0444d744-a5d8-47d8-ad72-c60c80829b2b",
            "a98e5614-786f-4515-b9fe-b7889b98bf44",
            "c6c908b6-3c5a-4938-9c00-7c5ddd200189",
            "c520c464-d627-4ef1-985d-114e6bd60df1",
            "67cd6ad6-4483-4ffb-a593-fffa1bef5e54"
        ],
        "recommendedProducts": [
            {
                "productID": "0fce1bf3-7cd7-423c-89b9-96e44caee05a",
                "productName": "EcoWash Deluxe"
            },
            {
                "productID": "90bae369-3a93-4c2f-85fc-58f46fda5899",
                "productName": "Necessitatibus"
            }
        ],
        "location": {
            "type": "Point",
            "coordinates": [
                13.069608,
                76.8335915
            ]
        }
    },
    {
        "_id": "68d93e09-5112-4dd3-8b62-a317896bb0d7",
        "name": "Justin Lewis",
        "gender": "Male",
        "age": 59,
        "defaultAddresses": {
            "default": {
                "houseNumber": "2",
                "street": "Darren mission",
                "city": "Eileenfurt",
                "postcode": "B46PU"
            },
            "shipping": {
                "houseNumber": "299",
                "street": "Natasha fords",
                "city": "Manchester",
                "postcode": "M559Q"
            },
            "billing": {
                "houseNumber": "928",
                "street": "Walsh stream",
                "city": "East Harrietport",
                "postcode": "NN4W8"
            }
        },
        "addresses": [
            "6bf5b751-c838-49ea-9594-684cbdac8454"
        ],
        "currentOrders": [
            {
                "_id": "c31fa92f-87f4-49f2-9ef1-54f5f8c94d4e",
                "status": "Pending",
                "orderItems": [
                    {
                        "quantity": 3,
                        "productID": "90bae369-3a93-4c2f-85fc-58f46fda5899"
                    },
                    {
                        "quantity": 4,
                        "productID": "63ab5f43-1d30-4f71-9570-7474a4dfacf0"
                    },
                    {
                        "quantity": 3,
                        "productID": "274adfd0-71e5-4b53-9228-db0f12385fba"
                    }
                ],
                "totalOrderCost": 32775
            },
            {
                "_id": "a5b7788b-6cad-4a7d-898f-43ac722d80ec",
                "status": "Pending",
                "orderItems": [
                    {
                        "quantity": 3,
                        "productID": "6f3468c4-6b9d-48ba-9f25-63ea82079014"
                    },
                    {
                        "quantity": 2,
                        "productID": "345d1a0e-a274-44fe-875c-901a5d01bedc"
                    }
                ],
                "totalOrderCost": 26800
            }
        ],
        "pastOrders": [
            "e1e7e70e-f150-45aa-a2cd-5c094179b692",
            "5bbd0c04-92f1-423a-b2f3-13da4d4c1c79",
            "aef42e99-81b8-4087-9fa6-d6ffbcc172ec",
            "abb5c8da-dd3c-47b5-a31b-c35768cf9c60",
            "c8a71413-f143-4ae6-97ea-f7c5f584826a"
        ],
        "recommendedProducts": [
            {
                "productID": "0fce1bf3-7cd7-423c-89b9-96e44caee05a",
                "productName": "EcoWash Deluxe"
            },
            {
                "productID": "90bae369-3a93-4c2f-85fc-58f46fda5899",
                "productName": "Necessitatibus"
            }
        ],
        "location": {
            "type": "Point",
            "coordinates": [
                113.490127,
                24.854152
            ]
        }
    },
    {
        "_id": "bab9fc88-4eba-4240-821c-8e1448510635",
        "name": "Clark Fisher",
        "gender": "Male",
        "age": 39,
        "defaultAddresses": {
            "default": {
                "houseNumber": "366",
                "street": "McCarthy run",
                "city": "Adamland",
                "postcode": "L8U2T"
            },
            "shipping": {
                "houseNumber": "44",
                "street": "Jayne isle",
                "city": "Manchester",
                "postcode": "M3444"
            },
            "billing": {
                "houseNumber": "7",
                "street": "Ross haven",
                "city": "Charlenechester",
                "postcode": "HP28N"
            }
        },
        "addresses": [
            "6592a74f-945c-4392-94f8-e3e6c0ad0f77"
        ],
        "currentOrders": [
            {
                "_id": "22a4a3b0-3cdb-441a-9881-bba8cd85df6a",
                "status": "Pending",
                "orderItems": [
                    {
                        "quantity": 2,
                        "productID": "345d1a0e-a274-44fe-875c-901a5d01bedc"
                    }
                ],
                "totalOrderCost": 1300
            },
            {
                "_id": "0e599191-bdab-4779-8889-563f49ea70d4",
                "status": "Pending",
                "orderItems": [
                    {
                        "quantity": 4,
                        "productID": "274adfd0-71e5-4b53-9228-db0f12385fba"
                    },
                    {
                        "quantity": 4,
                        "productID": "71227cf8-5f05-45e8-b98d-8fdb3131e6e5"
                    },
                    {
                        "quantity": 5,
                        "productID": "8d68eb6f-4f87-4db7-8904-7bea8fd41d9e"
                    }
                ],
                "totalOrderCost": 24510
            }
        ],
        "pastOrders": [
            "9c5dafd4-2483-4127-804d-1574416b3f0a",
            "01bbd293-a975-422b-9bc3-10aa5a87e899",
            "948f0d32-44ef-4cea-96d3-122044812d11",
            "acafac8a-38a2-43d7-97aa-57a29c7e20e2",
            "7af62d69-720a-420d-ab1f-e72886e35e8d"
        ],
        "recommendedProducts": [
            {
                "productID": "2362dae9-b485-4423-b314-d43ef399b3df",
                "productName": "Back in Blue"
            },
            {
                "productID": "0fce1bf3-7cd7-423c-89b9-96e44caee05a",
                "productName": "EcoWash Deluxe"
            }
        ],
        "location": {
            "type": "Point",
            "coordinates": [
                -168.058385,
                49.718686
            ]
        }
    },
    {
        "_id": "e06f4a28-ee48-4cbb-bc03-1ee491d00a25",
        "name": "Gerard Hall-Saunders",
        "gender": "Male",
        "age": 50,
        "defaultAddresses": {
            "default": {
                "houseNumber": "55",
                "street": "Cox centers",
                "city": "Middletonstad",
                "postcode": "L418T"
            },
            "shipping": {
                "houseNumber": "06",
                "street": "Bradley circles",
                "city": "Manchester",
                "postcode": "M409S"
            },
            "billing": {
                "houseNumber": "9",
                "street": "Kayleigh view",
                "city": "West Kathrynmouth",
                "postcode": "E51LR"
            }
        },
        "addresses": [
            "520b9c88-7f15-4adf-9c66-03b73dba4d92",
            "7d1d63ea-1f77-4d6e-a089-2af69aac37eb",
            "49ee1804-6081-4251-b4d8-7799ea3ef351"
        ],
        "currentOrders": [
            {
                "_id": "1ce43717-9eed-437b-8db6-ba24c2895b79",
                "status": "Pending",
                "orderItems": [
                    {
                        "quantity": 5,
                        "productID": "29525264-6e37-4443-9c49-d6cdf34f7161"
                    },
                    {
                        "quantity": 1,
                        "productID": "29859217-aac2-4bf6-9fb1-33e7484e40fe"
                    }
                ],
                "totalOrderCost": 14150
            },
            {
                "_id": "f3526810-aae1-414b-9fc4-21012cdd10fe",
                "status": "Pending",
                "orderItems": [
                    {
                        "quantity": 5,
                        "productID": "e1331193-0a94-4c93-bdb2-f6eb22b86589"
                    },
                    {
                        "quantity": 2,
                        "productID": "6661ede7-d350-4434-99d5-1573fabfcea0"
                    }
                ],
                "totalOrderCost": 61350
            }
        ],
        "pastOrders": [
            "f91e8b1e-dbd4-424c-a8fe-b3dfa29cce99",
            "a7eff295-7d67-4052-ae75-25a7f292c413",
            "7b853e83-dd16-44c3-9a71-ddc921215086",
            "b73feac9-72b8-44c6-b350-7ac7675b829f",
            "03b2472f-cf28-499f-affa-b263bf8a4112"
        ],
        "recommendedProducts": [
            {
                "productID": "0fce1bf3-7cd7-423c-89b9-96e44caee05a",
                "productName": "EcoWash Deluxe"
            },
            {
                "productID": "2362dae9-b485-4423-b314-d43ef399b3df",
                "productName": "Back in Blue"
            }
        ],
        "location": {
            "type": "Point",
            "coordinates": [
                -156.688694,
                44.597430
            ]
        }
    }
]