[
    {
        "_id": "660eb8b1-a1d6-4a78-ac69-d9b210938afd",
        "productID": "29525264-6e37-4443-9c49-d6cdf34f7161",
        "userID": "0d4a13c3-c9ef-40f2-8516-58de00809364",
        "score": 3,
        "comment": "Perferendis incidunt excepturi delectus libero.",
        "dateTime": "2023-01-20T21:37:48.034398"
    },
    {
        "_id": "112d4acf-7cae-4539-8174-9553ca39550f",
        "productID": "58348a75-7f5d-48ef-aa72-f8d29d804885",
        "userID": "0d4a13c3-c9ef-40f2-8516-58de00809364",
        "score": 5,
        "comment": "Consectetur dolore inventore quasi voluptate.",
        "dateTime": "2023-09-07T19:20:28.053018"
    },
    {
        "_id": "b4f5176b-e364-4c72-8b79-8d3a459cfaca",
        "productID": "e1331193-0a94-4c93-bdb2-f6eb22b86589",
        "userID": "0d4a13c3-c9ef-40f2-8516-58de00809364",
        "score": 3,
        "comment": "Ipsam ut asperiores culpa possimus.",
        "dateTime": "2023-10-29T18:56:00.160400"
    },
    {
        "_id": "6a2636a7-3650-42cb-8d48-867a9b1a860b",
        "productID": "06df6730-5197-4815-8016-015f7abd7208",
        "userID": "7c36c0d0-8092-4579-a063-6828e7d2f743",
        "score": 2,
        "comment": "Enim dignissimos a a facilis nesciunt adipisci.",
        "dateTime": "2023-05-19T04:04:47.776308"
    },
    {
        "_id": "5eaec430-6922-4610-a04e-f3144970ec7a",
        "productID": "91c26081-d2b4-4d49-91d2-0d07e55b0b2f",
        "userID": "7c36c0d0-8092-4579-a063-6828e7d2f743",
        "score": 4,
        "comment": "Nisi qui accusantium.",
        "dateTime": "2023-01-13T05:28:57.849495"
    },
    {
        "_id": "e27b4856-c533-4fc9-aa5e-813d41bf524a",
        "productID": "b0ad5640-75df-4612-82b3-6edd9d1a873d",
        "userID": "7c36c0d0-8092-4579-a063-6828e7d2f743",
        "score": 1,
        "comment": "Inventore officiis commodi tempore illum.",
        "dateTime": "2023-01-13T22:24:33.939621"
    },
    {
        "_id": "ab5e4280-b497-4709-ab2f-7e1603d33c2f",
        "productID": "29859217-aac2-4bf6-9fb1-33e7484e40fe",
        "userID": "cbb2b56d-af38-466a-be7c-7c6743092fde",
        "score": 2,
        "comment": "Labore doloremque modi.",
        "dateTime": "2023-08-27T00:03:24.029211"
    },
    {
        "_id": "d3033817-f39b-4710-9f20-7912b620a6ec",
        "productID": "c6107800-060f-4283-b5ce-38b9d2d01fbc",
        "userID": "cbb2b56d-af38-466a-be7c-7c6743092fde",
        "score": 4,
        "comment": "Quaerat necessitatibus unde numquam accusantium itaque modi impedit.",
        "dateTime": "2023-06-09T20:16:12.349901"
    },
    {
        "_id": "6a0fd956-9aba-41a7-80d7-dd1a5f10f784",
        "productID": "4c14be17-f142-4d67-aa1f-46f780d46db4",
        "userID": "cbb2b56d-af38-466a-be7c-7c6743092fde",
        "score": 3,
        "comment": "Nostrum fugit autem animi eaque suscipit.",
        "dateTime": "2023-07-14T01:03:29.376184"
    },
    {
        "_id": "673b0c6f-1cd9-4235-8cba-fbc13a161605",
        "productID": "b20fbf47-770e-49d2-bcdf-99af84bdfc30",
        "userID": "b400e118-2f85-4357-911c-40efdb28f9b1",
        "score": 5,
        "comment": "Inventore soluta velit facilis culpa.",
        "dateTime": "2023-04-23T06:43:40.959802"
    },
    {
        "_id": "555451bb-c7ad-4610-a3c7-0802eff8810e",
        "productID": "a81efa0d-4e8f-48cd-ab65-d3b42a3c4c32",
        "userID": "b400e118-2f85-4357-911c-40efdb28f9b1",
        "score": 4,
        "comment": "Nesciunt aperiam perspiciatis harum voluptas exercitationem suscipit sit.",
        "dateTime": "2023-01-28T04:54:56.608279"
    },
    {
        "_id": "edd33874-2aea-464a-940a-68daeeeae1f2",
        "productID": "91c26081-d2b4-4d49-91d2-0d07e55b0b2f",
        "userID": "b400e118-2f85-4357-911c-40efdb28f9b1",
        "score": 2,
        "comment": "Voluptatum debitis vitae vel.",
        "dateTime": "2023-11-07T05:04:41.318993"
    },
    {
        "_id": "314d271e-496e-470e-bd97-2c230afe2787",
        "productID": "6f3468c4-6b9d-48ba-9f25-63ea82079014",
        "userID": "985185cb-0785-4eb8-83a6-0f54d7010423",
        "score": 3,
        "comment": "Quae sed libero itaque.",
        "dateTime": "2023-07-08T20:11:27.507604"
    },
    {
        "_id": "975ab803-7b49-417a-a850-450ab46b30d5",
        "productID": "40654271-59d1-41e8-acfe-b5e7c4dd671b",
        "userID": "985185cb-0785-4eb8-83a6-0f54d7010423",
        "score": 5,
        "comment": "Tenetur itaque non doloribus doloribus iste repellendus.",
        "dateTime": "2023-05-24T13:15:56.176385"
    },
    {
        "_id": "a77e0f0a-ba2a-4c99-9cce-dadf7d544436",
        "productID": "8d68eb6f-4f87-4db7-8904-7bea8fd41d9e",
        "userID": "985185cb-0785-4eb8-83a6-0f54d7010423",
        "score": 3,
        "comment": "Facere deserunt temporibus dolorem sequi officiis vitae.",
        "dateTime": "2023-01-26T11:22:57.757104"
    },
    {
        "_id": "1380896d-836f-4a0b-94f3-175009f45cd9",
        "productID": "29525264-6e37-4443-9c49-d6cdf34f7161",
        "userID": "0b2b1d5e-514b-42b9-839e-2d9534aaef34",
        "score": 4,
        "comment": "Omnis eaque occaecati sunt nulla voluptatem.",
        "dateTime": "2023-03-06T07:17:26.249915"
    },
    {
        "_id": "5efe9232-7580-43c9-a081-f1482c62d548",
        "productID": "16ae5951-4f32-4417-9fd2-0ce4d3ade7d9",
        "userID": "0b2b1d5e-514b-42b9-839e-2d9534aaef34",
        "score": 2,
        "comment": "Qui quam maxime beatae tempora nihil cumque.",
        "dateTime": "2023-07-28T20:51:41.577405"
    },
    {
        "_id": "ee60af4e-e86a-46c2-8ae1-7a03ca64083d",
        "productID": "3e4010ff-ce60-4642-9832-ade640f2bbb6",
        "userID": "0b2b1d5e-514b-42b9-839e-2d9534aaef34",
        "score": 2,
        "comment": "Unde aperiam quam rem nulla vel.",
        "dateTime": "2023-09-21T16:37:02.051361"
    },
    {
        "_id": "915ec6f5-1acb-44e6-bdb3-66c9aecf640b",
        "productID": "2362dae9-b485-4423-b314-d43ef399b3df",
        "userID": "12c70310-7c01-40a4-a080-004a582f808e",
        "score": 5,
        "comment": "Tenetur cum laboriosam veritatis ut ab aspernatur blanditiis.",
        "dateTime": "2023-04-01T03:04:28.338460"
    },
    {
        "_id": "4d00fa1e-2fa4-4440-8153-1338ce56e987",
        "productID": "8d68eb6f-4f87-4db7-8904-7bea8fd41d9e",
        "userID": "12c70310-7c01-40a4-a080-004a582f808e",
        "score": 1,
        "comment": "Doloremque officiis laboriosam delectus dignissimos ea soluta rerum.",
        "dateTime": "2023-08-18T13:55:43.752006"
    },
    {
        "_id": "ff0befb4-ebeb-433f-ae3d-876b13552753",
        "productID": "0fce1bf3-7cd7-423c-89b9-96e44caee05a",
        "userID": "12c70310-7c01-40a4-a080-004a582f808e",
        "score": 5,
        "comment": "Sequi pariatur perspiciatis quia voluptas facilis laborum.",
        "dateTime": "2023-03-08T18:30:55.633310"
    },
    {
        "_id": "0d3deeb4-99b4-4ca0-a98a-baf1c0a32b72",
        "productID": "2ab160a8-9678-4ab4-a0e5-70e61bfba3ed",
        "userID": "207deac5-535b-4173-b1f5-2952277b18c4",
        "score": 1,
        "comment": "Aut iure impedit perferendis dolorum fugit tempore reiciendis.",
        "dateTime": "2023-08-31T13:11:03.687467"
    },
    {
        "_id": "aa63de92-0df3-4c4e-ad57-38e8220e7656",
        "productID": "b11bfc0a-fc3c-48b1-a609-33acc8710f1f",
        "userID": "207deac5-535b-4173-b1f5-2952277b18c4",
        "score": 5,
        "comment": "Dicta laudantium sequi vero commodi.",
        "dateTime": "2023-08-16T07:31:27.760802"
    },
    {
        "_id": "bc86b32f-8e1c-45a5-be71-1bbae525277a",
        "productID": "06df6730-5197-4815-8016-015f7abd7208",
        "userID": "207deac5-535b-4173-b1f5-2952277b18c4",
        "score": 3,
        "comment": "Ipsa quam eum illum ad.",
        "dateTime": "2023-10-18T00:01:14.545334"
    },
    {
        "_id": "c28ee37b-9cf1-4c8f-a799-e521ef0f2959",
        "productID": "71227cf8-5f05-45e8-b98d-8fdb3131e6e5",
        "userID": "02344ef8-0221-4090-a294-ba5c0779fe20",
        "score": 5,
        "comment": "Adipisci sunt quas temporibus dicta aspernatur.",
        "dateTime": "2023-03-19T03:19:54.260558"
    },
    {
        "_id": "b0bc616b-a7d6-4db1-9e77-dcaf8433354f",
        "productID": "91c26081-d2b4-4d49-91d2-0d07e55b0b2f",
        "userID": "02344ef8-0221-4090-a294-ba5c0779fe20",
        "score": 1,
        "comment": "Quidem fugit alias esse eius.",
        "dateTime": "2023-08-10T05:10:42.184198"
    },
    {
        "_id": "343d747c-3428-40cc-bf34-4c17493872cd",
        "productID": "6f3468c4-6b9d-48ba-9f25-63ea82079014",
        "userID": "02344ef8-0221-4090-a294-ba5c0779fe20",
        "score": 1,
        "comment": "Suscipit molestiae nisi voluptatem nisi.",
        "dateTime": "2023-01-06T00:27:44.214447"
    },
    {
        "_id": "5172c4ca-f1d9-411b-af9e-c0fec6fa4201",
        "productID": "0320cc12-122c-4f9e-9fda-fe7b74ab4d53",
        "userID": "3771b274-e5e2-4b02-9406-01f1ae5b9090",
        "score": 2,
        "comment": "Occaecati sapiente corporis dicta.",
        "dateTime": "2023-08-06T21:36:04.138449"
    },
    {
        "_id": "04c41a9e-9027-467c-86c2-5170aa6ebd50",
        "productID": "8d68eb6f-4f87-4db7-8904-7bea8fd41d9e",
        "userID": "3771b274-e5e2-4b02-9406-01f1ae5b9090",
        "score": 4,
        "comment": "Perspiciatis error minus quidem.",
        "dateTime": "2023-09-08T21:50:40.049125"
    },
    {
        "_id": "e52554ab-cc84-4591-8eca-47ad7d84c4a2",
        "productID": "6661ede7-d350-4434-99d5-1573fabfcea0",
        "userID": "3771b274-e5e2-4b02-9406-01f1ae5b9090",
        "score": 3,
        "comment": "Ut tempore accusantium cupiditate debitis perferendis aspernatur.",
        "dateTime": "2023-08-10T07:53:02.707871"
    },
    {
        "_id": "3c0f4272-39dc-4a71-ae1a-19f3304fb334",
        "productID": "e3d8bb1c-7215-40c1-8766-2ca6238e9173",
        "userID": "4e192300-88e8-425a-bd6e-80d54a3b25cc",
        "score": 2,
        "comment": "Delectus voluptates laboriosam placeat et accusantium eos exercitationem.",
        "dateTime": "2023-12-09T16:41:55.071842"
    },
    {
        "_id": "ceecb341-d157-42fa-b439-e52fe6eca072",
        "productID": "c6107800-060f-4283-b5ce-38b9d2d01fbc",
        "userID": "4e192300-88e8-425a-bd6e-80d54a3b25cc",
        "score": 1,
        "comment": "Fuga eligendi autem omnis.",
        "dateTime": "2023-10-04T03:22:08.392202"
    },
    {
        "_id": "32c63faa-705a-44a1-9252-a3d7290be72c",
        "productID": "530dbf77-1720-45a0-b31b-f06b736115f5",
        "userID": "4e192300-88e8-425a-bd6e-80d54a3b25cc",
        "score": 3,
        "comment": "Repudiandae beatae facilis consequuntur.",
        "dateTime": "2023-09-22T08:45:52.013238"
    },
    {
        "_id": "2050fafc-0e8a-47a8-b9a5-62300ac3994c",
        "productID": "29859217-aac2-4bf6-9fb1-33e7484e40fe",
        "userID": "2284da68-2d43-46c4-824c-0a6e7c1a314f",
        "score": 1,
        "comment": "Esse aliquam enim libero.",
        "dateTime": "2023-08-27T06:23:35.920484"
    },
    {
        "_id": "dc18f974-12ab-4ff5-9a13-d0c2241fb355",
        "productID": "a7bd0c8c-849e-4033-904a-9090b7590345",
        "userID": "2284da68-2d43-46c4-824c-0a6e7c1a314f",
        "score": 3,
        "comment": "Ab aliquam magnam quos libero tenetur.",
        "dateTime": "2023-02-25T02:07:19.541598"
    },
    {
        "_id": "966d135b-c0e5-4fcc-96d5-783bd4856061",
        "productID": "63ab5f43-1d30-4f71-9570-7474a4dfacf0",
        "userID": "2284da68-2d43-46c4-824c-0a6e7c1a314f",
        "score": 5,
        "comment": "Natus excepturi sint ea dolorum inventore.",
        "dateTime": "2023-04-23T23:29:34.533825"
    },
    {
        "_id": "881b2697-0164-43f7-b447-29491ae4e2f0",
        "productID": "530dbf77-1720-45a0-b31b-f06b736115f5",
        "userID": "af55935a-dc9c-4adf-b370-7249845d61cf",
        "score": 4,
        "comment": "Natus eius molestiae quia nihil reprehenderit mollitia ipsa.",
        "dateTime": "2023-04-26T20:35:33.881074"
    },
    {
        "_id": "f19b42f5-79c6-496b-9fa8-b9a7ff8c4c21",
        "productID": "bbd1b566-d68c-40ae-b156-3824622cad4a",
        "userID": "af55935a-dc9c-4adf-b370-7249845d61cf",
        "score": 1,
        "comment": "Repellat minima quae repudiandae magni.",
        "dateTime": "2023-06-08T20:33:51.557589"
    },
    {
        "_id": "c8d1720c-3285-44d6-bc90-00f207bd7953",
        "productID": "72000139-bd3b-4824-92ce-145a1ab6b7ea",
        "userID": "af55935a-dc9c-4adf-b370-7249845d61cf",
        "score": 4,
        "comment": "Animi autem ut cum delectus deleniti excepturi.",
        "dateTime": "2023-06-24T02:53:18.480996"
    },
    {
        "_id": "7ad0ad05-b549-4d20-91bd-00a0f511ed18",
        "productID": "a00825f6-eb59-4279-9dbf-c397e7e6c3d8",
        "userID": "5085c27c-2f18-4008-b343-d481a3b05a01",
        "score": 2,
        "comment": "Facilis aliquid laboriosam distinctio nihil.",
        "dateTime": "2023-07-01T17:44:29.656517"
    },
    {
        "_id": "72fd67c0-4512-47ef-bf50-dbb4150a14f0",
        "productID": "bbd1b566-d68c-40ae-b156-3824622cad4a",
        "userID": "5085c27c-2f18-4008-b343-d481a3b05a01",
        "score": 4,
        "comment": "Aperiam a nihil nulla.",
        "dateTime": "2023-09-11T12:55:36.729547"
    },
    {
        "_id": "30a6cbc3-fd38-442f-b451-0fcb9e733077",
        "productID": "6661ede7-d350-4434-99d5-1573fabfcea0",
        "userID": "5085c27c-2f18-4008-b343-d481a3b05a01",
        "score": 3,
        "comment": "Culpa odit nemo fuga accusamus.",
        "dateTime": "2023-05-14T21:08:15.400998"
    },
    {
        "_id": "f7830fee-1bae-45fc-b52f-6893367d16fb",
        "productID": "c6107800-060f-4283-b5ce-38b9d2d01fbc",
        "userID": "62485382-5586-4e45-bec1-932388808ae3",
        "score": 1,
        "comment": "Natus quis at aliquam a.",
        "dateTime": "2023-02-23T12:50:51.538492"
    },
    {
        "_id": "525a841a-e5c9-4483-8abe-e9b41876d0ac",
        "productID": "fc22f993-7fa2-4c00-b043-f9621715b0fb",
        "userID": "62485382-5586-4e45-bec1-932388808ae3",
        "score": 4,
        "comment": "Aliquam praesentium suscipit labore.",
        "dateTime": "2023-06-05T04:52:18.062099"
    },
    {
        "_id": "73091715-fdd4-4bdf-add3-9d356b082ff6",
        "productID": "aec0ad56-c5d0-4b86-ab49-e8507570b3d8",
        "userID": "62485382-5586-4e45-bec1-932388808ae3",
        "score": 1,
        "comment": "Praesentium dolorem repellendus minus amet aliquid.",
        "dateTime": "2023-03-27T00:41:28.193579"
    },
    {
        "_id": "c1f477dd-6e60-4b5b-9163-ddca637b376d",
        "productID": "16ae5951-4f32-4417-9fd2-0ce4d3ade7d9",
        "userID": "2b04e2bd-d6db-41c5-9577-e35bd822c2ee",
        "score": 4,
        "comment": "Voluptate libero voluptas voluptatem quo nulla magni consequatur.",
        "dateTime": "2023-03-22T11:48:14.655054"
    },
    {
        "_id": "4cd91287-4ee2-48d0-83df-3e3d64dc9acb",
        "productID": "9f4c1d85-2e0a-4b5c-86c8-c825e20591d8",
        "userID": "2b04e2bd-d6db-41c5-9577-e35bd822c2ee",
        "score": 4,
        "comment": "Minus iste optio maxime.",
        "dateTime": "2023-06-26T09:37:04.283714"
    },
    {
        "_id": "cf5ed7f3-dea2-47a8-8a72-6b8e18a44be6",
        "productID": "530dbf77-1720-45a0-b31b-f06b736115f5",
        "userID": "2b04e2bd-d6db-41c5-9577-e35bd822c2ee",
        "score": 1,
        "comment": "Voluptas excepturi quod hic nihil odio exercitationem.",
        "dateTime": "2023-02-06T00:54:28.753899"
    },
    {
        "_id": "1fd5720f-b7ad-482e-9a36-aff84ff02805",
        "productID": "a7bd0c8c-849e-4033-904a-9090b7590345",
        "userID": "a2a6a74e-c38c-4ef0-a841-6df802acee83",
        "score": 4,
        "comment": "Cumque corrupti suscipit.",
        "dateTime": "2023-09-20T14:02:56.149387"
    },
    {
        "_id": "aa54731f-7f89-4b99-9cc6-1fbb6ec944fe",
        "productID": "8d68eb6f-4f87-4db7-8904-7bea8fd41d9e",
        "userID": "a2a6a74e-c38c-4ef0-a841-6df802acee83",
        "score": 2,
        "comment": "Suscipit eos repellat earum fugit rerum numquam.",
        "dateTime": "2023-10-16T03:47:40.551075"
    },
    {
        "_id": "1e3566e4-c956-401a-8698-a2ec16a35b4f",
        "productID": "6f3468c4-6b9d-48ba-9f25-63ea82079014",
        "userID": "a2a6a74e-c38c-4ef0-a841-6df802acee83",
        "score": 3,
        "comment": "Commodi neque fugiat aut ut.",
        "dateTime": "2023-06-08T14:52:46.825109"
    },
    {
        "_id": "628b4809-3715-4ce0-952b-e7c9e2869b85",
        "productID": "fbf553e8-2eaa-4e01-9d55-9da1a366cc5f",
        "userID": "68d93e09-5112-4dd3-8b62-a317896bb0d7",
        "score": 5,
        "comment": "Quo assumenda quisquam excepturi deserunt.",
        "dateTime": "2023-01-18T03:29:53.161529"
    },
    {
        "_id": "5f28d92e-db35-4e14-887a-cac08ec999e2",
        "productID": "bbd1b566-d68c-40ae-b156-3824622cad4a",
        "userID": "68d93e09-5112-4dd3-8b62-a317896bb0d7",
        "score": 5,
        "comment": "Veritatis eum numquam earum accusantium excepturi dolorum voluptates.",
        "dateTime": "2023-10-08T09:37:39.191561"
    },
    {
        "_id": "5c786060-ae3c-471c-8db5-e47c3de4c6f5",
        "productID": "63ab5f43-1d30-4f71-9570-7474a4dfacf0",
        "userID": "68d93e09-5112-4dd3-8b62-a317896bb0d7",
        "score": 4,
        "comment": "Ipsam eveniet voluptas molestiae.",
        "dateTime": "2023-04-20T17:34:53.559076"
    },
    {
        "_id": "041d0dec-2a7b-4e2b-b4f1-51d0d828880f",
        "productID": "2ab160a8-9678-4ab4-a0e5-70e61bfba3ed",
        "userID": "bab9fc88-4eba-4240-821c-8e1448510635",
        "score": 1,
        "comment": "Vitae et fugit quidem.",
        "dateTime": "2023-08-30T11:14:23.562735"
    },
    {
        "_id": "3af321bb-08ec-4127-98f8-68b04c6a8ea2",
        "productID": "975c40d3-8c4a-46c7-9bc7-d7e826f7d173",
        "userID": "bab9fc88-4eba-4240-821c-8e1448510635",
        "score": 5,
        "comment": "Alias veritatis doloremque illum.",
        "dateTime": "2023-08-15T21:28:13.097870"
    },
    {
        "_id": "642b89fa-93fc-4f24-8636-1957a044f4bd",
        "productID": "03f6fd23-79ab-47f7-adeb-10d593fbd1b7",
        "userID": "bab9fc88-4eba-4240-821c-8e1448510635",
        "score": 5,
        "comment": "Doloribus nemo aliquam facilis maiores enim qui.",
        "dateTime": "2023-02-20T15:10:43.900587"
    },
    {
        "_id": "cd7fd647-6ec1-4738-9b2f-43bb6a0b12af",
        "productID": "a00825f6-eb59-4279-9dbf-c397e7e6c3d8",
        "userID": "e06f4a28-ee48-4cbb-bc03-1ee491d00a25",
        "score": 2,
        "comment": "Doloribus alias magni quam et suscipit magni.",
        "dateTime": "2023-09-23T03:00:29.274311"
    },
    {
        "_id": "28f673f7-8a11-48f3-b73b-703e12cf4574",
        "productID": "91c26081-d2b4-4d49-91d2-0d07e55b0b2f",
        "userID": "e06f4a28-ee48-4cbb-bc03-1ee491d00a25",
        "score": 3,
        "comment": "Vel dignissimos laborum quis.",
        "dateTime": "2023-07-01T22:11:21.695577"
    },
    {
        "_id": "ce418069-80fc-41a1-8d06-bd079d1cddb3",
        "productID": "68f5aeb0-ef7f-4ad0-a64a-c5d0df54858f",
        "userID": "e06f4a28-ee48-4cbb-bc03-1ee491d00a25",
        "score": 2,
        "comment": "Maiores expedita sequi neque.",
        "dateTime": "2023-07-14T15:02:44.020920"
    },
    {
        "_id": "e44205ec-9fe8-4b29-a77e-b722b91227fd",
        "productID": "0b9923f0-6f51-4cfa-ac52-3367409a57a4",
        "userID": "b400e118-2f85-4357-911c-40efdb28f9b1",
        "score": 2,
        "comment": "In quam aliquam ipsam quas deserunt recusandae atque.",
        "dateTime": "2023-08-20T02:14:42.506131"
    },
    {
        "_id": "4f80996a-10ad-42d9-9fa0-2793fff6d589",
        "productID": "0b9923f0-6f51-4cfa-ac52-3367409a57a4",
        "userID": "b400e118-2f85-4357-911c-40efdb28f9b1",
        "score": 5,
        "comment": "Nihil asperiores expedita iusto.",
        "dateTime": "2023-10-15T16:01:42.003552"
    },
    {
        "_id": "0e8f010a-6d26-4687-978e-232c6024ba73",
        "productID": "71227cf8-5f05-45e8-b98d-8fdb3131e6e5",
        "userID": "b400e118-2f85-4357-911c-40efdb28f9b1",
        "score": 1,
        "comment": "Distinctio reiciendis saepe itaque illo ex.",
        "dateTime": "2023-05-01T08:40:55.449547"
    },
    {
        "_id": "f960ff66-b9ab-46b3-9929-3dd773f5b96f",
        "productID": "fbf553e8-2eaa-4e01-9d55-9da1a366cc5f",
        "userID": "af55935a-dc9c-4adf-b370-7249845d61cf",
        "score": 4,
        "comment": "Tempore praesentium sapiente ratione asperiores similique placeat.",
        "dateTime": "2023-09-04T08:18:57.261718"
    },
    {
        "_id": "4be01954-4bb7-46ed-8319-02639ea440ac",
        "productID": "58348a75-7f5d-48ef-aa72-f8d29d804885",
        "userID": "5085c27c-2f18-4008-b343-d481a3b05a01",
        "score": 2,
        "comment": "Rem quam magnam dolores officia.",
        "dateTime": "2023-01-31T03:10:31.843074"
    },
    {
        "_id": "fbd86830-1287-4023-ac61-a6987bedb320",
        "productID": "b20fbf47-770e-49d2-bcdf-99af84bdfc30",
        "userID": "0d4a13c3-c9ef-40f2-8516-58de00809364",
        "score": 4,
        "comment": "Pariatur ipsa debitis quae natus dolor.",
        "dateTime": "2023-05-27T07:05:54.789194"
    },
    {
        "_id": "b93db97c-cf6c-4508-9cc6-38844d603568",
        "productID": "3e4010ff-ce60-4642-9832-ade640f2bbb6",
        "userID": "cbb2b56d-af38-466a-be7c-7c6743092fde",
        "score": 2,
        "comment": "Officia eaque eum sunt quisquam labore.",
        "dateTime": "2023-01-14T11:00:00.583524"
    },
    {
        "_id": "fdcadb9c-97fc-4fe1-93a9-c3f6726d5261",
        "productID": "9f4c1d85-2e0a-4b5c-86c8-c825e20591d8",
        "userID": "02344ef8-0221-4090-a294-ba5c0779fe20",
        "score": 5,
        "comment": "Non illo assumenda dolores fugit culpa itaque odit.",
        "dateTime": "2023-04-13T09:10:53.618791"
    },
    {
        "_id": "db3e2221-a4e2-462d-9d30-0637e420c2a1",
        "productID": "3db7c5b5-6005-43ec-83e4-8c27b5781842",
        "userID": "985185cb-0785-4eb8-83a6-0f54d7010423",
        "score": 1,
        "comment": "Excepturi doloremque esse eligendi id.",
        "dateTime": "2023-06-25T01:43:13.069430"
    },
    {
        "_id": "05de3d02-b319-4b5f-a49b-1a8393892f1f",
        "productID": "3db7c5b5-6005-43ec-83e4-8c27b5781842",
        "userID": "b400e118-2f85-4357-911c-40efdb28f9b1",
        "score": 2,
        "comment": "Aperiam officiis aut iure.",
        "dateTime": "2023-04-23T06:54:25.582672"
    },
    {
        "_id": "55872ed5-89cf-4e73-99cb-fe19891a31a7",
        "productID": "90bae369-3a93-4c2f-85fc-58f46fda5899",
        "userID": "207deac5-535b-4173-b1f5-2952277b18c4",
        "score": 5,
        "comment": "Dolorem tempore voluptatum eaque necessitatibus.",
        "dateTime": "2023-06-22T03:51:12.615763"
    },
    {
        "_id": "f666ced4-332f-44da-a114-14af34820cc7",
        "productID": "90bae369-3a93-4c2f-85fc-58f46fda5899",
        "userID": "207deac5-535b-4173-b1f5-2952277b18c4",
        "score": 5,
        "comment": "Nulla alias quibusdam provident.",
        "dateTime": "2023-06-29T07:38:16.806390"
    },
    {
        "_id": "f895e98d-fe37-47cf-9d3f-ba15da296e5d",
        "productID": "9b407c95-5760-4c15-a787-bbbf919ffacc",
        "userID": "5085c27c-2f18-4008-b343-d481a3b05a01",
        "score": 1,
        "comment": "Repellat necessitatibus repudiandae atque.",
        "dateTime": "2023-10-29T02:01:46.547915"
    },
    {
        "_id": "9f02f4ab-dfda-46f1-9a89-b225ab464b0f",
        "productID": "9b407c95-5760-4c15-a787-bbbf919ffacc",
        "userID": "68d93e09-5112-4dd3-8b62-a317896bb0d7",
        "score": 3,
        "comment": "Vitae ipsa veniam voluptatem.",
        "dateTime": "2023-03-05T12:36:36.962829"
    },
    {
        "_id": "640d0e1f-82d1-4621-b244-9a0ec660bfe2",
        "productID": "274adfd0-71e5-4b53-9228-db0f12385fba",
        "userID": "4e192300-88e8-425a-bd6e-80d54a3b25cc",
        "score": 1,
        "comment": "Sed architecto maiores molestiae dolores vitae ducimus.",
        "dateTime": "2023-09-16T01:46:32.487684"
    },
    {
        "_id": "725c8b95-97fd-4462-a7e1-f5a4354b2fee",
        "productID": "274adfd0-71e5-4b53-9228-db0f12385fba",
        "userID": "207deac5-535b-4173-b1f5-2952277b18c4",
        "score": 1,
        "comment": "Voluptatum officiis nostrum quam ea.",
        "dateTime": "2023-10-08T08:25:50.261854"
    },
    {
        "_id": "3a115d77-6a36-461b-a1cd-650488d50832",
        "productID": "2362dae9-b485-4423-b314-d43ef399b3df",
        "userID": "207deac5-535b-4173-b1f5-2952277b18c4",
        "score": 5,
        "comment": "Fuga asperiores non laudantium asperiores praesentium.",
        "dateTime": "2023-06-14T21:02:40.856246"
    },
    {
        "_id": "495d3c51-a52e-467b-8de6-74c9c4e16149",
        "productID": "3a43af35-59b6-4b58-93dc-1edcbcb9cf06",
        "userID": "985185cb-0785-4eb8-83a6-0f54d7010423",
        "score": 5,
        "comment": "Est corporis hic illum sit.",
        "dateTime": "2023-06-02T13:45:44.791219"
    },
    {
        "_id": "25fdc8ec-4d89-4df5-9d64-5cd33b0789b0",
        "productID": "3a43af35-59b6-4b58-93dc-1edcbcb9cf06",
        "userID": "4e192300-88e8-425a-bd6e-80d54a3b25cc",
        "score": 3,
        "comment": "Perspiciatis doloribus corporis facere ipsum tenetur labore natus.",
        "dateTime": "2023-08-20T01:30:43.163343"
    },
    {
        "_id": "10cc5317-16fd-47de-a732-37212f6c4656",
        "productID": "4c14be17-f142-4d67-aa1f-46f780d46db4",
        "userID": "b400e118-2f85-4357-911c-40efdb28f9b1",
        "score": 5,
        "comment": "Aliquam sapiente facere necessitatibus facilis officiis.",
        "dateTime": "2023-09-07T00:49:09.761849"
    },
    {
        "_id": "1b82482f-c000-454d-8299-76216fcb2d03",
        "productID": "b11bfc0a-fc3c-48b1-a609-33acc8710f1f",
        "userID": "5085c27c-2f18-4008-b343-d481a3b05a01",
        "score": 5,
        "comment": "Nam itaque eius temporibus.",
        "dateTime": "2023-10-27T09:52:30.962492"
    },
    {
        "_id": "756bf917-77ce-4a96-af4f-878305b64b29",
        "productID": "0320cc12-122c-4f9e-9fda-fe7b74ab4d53",
        "userID": "bab9fc88-4eba-4240-821c-8e1448510635",
        "score": 3,
        "comment": "Error illum eum eius quos placeat repellendus repellat.",
        "dateTime": "2023-05-04T11:00:59.928672"
    },
    {
        "_id": "08a298e7-cb9e-4f41-977c-49cc051ccadb",
        "productID": "32565dd1-c31a-4385-93f6-4ff523858e87",
        "userID": "e06f4a28-ee48-4cbb-bc03-1ee491d00a25",
        "score": 4,
        "comment": "Ipsam veritatis quo perspiciatis molestias.",
        "dateTime": "2023-04-10T13:15:57.054544"
    },
    {
        "_id": "5faa0932-f53f-42e6-bb0d-6035a327fbfa",
        "productID": "32565dd1-c31a-4385-93f6-4ff523858e87",
        "userID": "207deac5-535b-4173-b1f5-2952277b18c4",
        "score": 4,
        "comment": "Corrupti dicta eos soluta doloremque pariatur quia.",
        "dateTime": "2023-10-01T14:23:58.954423"
    },
    {
        "_id": "bb5a6174-5b22-4b09-b0c3-4a95b59df2d9",
        "productID": "a81efa0d-4e8f-48cd-ab65-d3b42a3c4c32",
        "userID": "4e192300-88e8-425a-bd6e-80d54a3b25cc",
        "score": 5,
        "comment": "Modi quod occaecati praesentium illum sint.",
        "dateTime": "2023-03-08T06:41:58.154253"
    },
    {
        "_id": "e3526467-4251-44e3-a3af-6fdf9ec534b4",
        "productID": "7411fac5-ad51-4d89-8308-ad7e3af5d62b",
        "userID": "a2a6a74e-c38c-4ef0-a841-6df802acee83",
        "score": 5,
        "comment": "Vitae ducimus nemo eligendi quis laborum enim.",
        "dateTime": "2023-10-23T10:12:34.277274"
    },
    {
        "_id": "5cfd1c5c-0919-4465-a4c6-ee4018a55f42",
        "productID": "7411fac5-ad51-4d89-8308-ad7e3af5d62b",
        "userID": "e06f4a28-ee48-4cbb-bc03-1ee491d00a25",
        "score": 3,
        "comment": "Amet animi ex dolorum veniam quidem.",
        "dateTime": "2023-07-08T23:35:30.802760"
    },
    {
        "_id": "636cd20f-4e3f-4853-a9d8-01fb77c63c3d",
        "productID": "03f6fd23-79ab-47f7-adeb-10d593fbd1b7",
        "userID": "e06f4a28-ee48-4cbb-bc03-1ee491d00a25",
        "score": 2,
        "comment": "Ducimus fugit et alias ab laborum fugiat harum.",
        "dateTime": "2023-05-13T09:32:05.423201"
    },
    {
        "_id": "df36c636-6e40-4cd7-ae3f-55b6c0773474",
        "productID": "568809a9-da00-425a-811f-8248623f0909",
        "userID": "985185cb-0785-4eb8-83a6-0f54d7010423",
        "score": 1,
        "comment": "Consectetur vel reiciendis maxime cumque qui temporibus.",
        "dateTime": "2023-05-11T00:36:18.857042"
    },
    {
        "_id": "ff5ee99a-9bbc-45e9-a7db-3842b83d9d26",
        "productID": "568809a9-da00-425a-811f-8248623f0909",
        "userID": "a2a6a74e-c38c-4ef0-a841-6df802acee83",
        "score": 5,
        "comment": "Similique culpa repudiandae quaerat.",
        "dateTime": "2023-12-09T11:09:59.168050"
    },
    {
        "_id": "190a9d21-dcda-4e4a-8f51-ed5de9b6e54c",
        "productID": "d574f881-8a8c-4017-af36-0680efe3c55b",
        "userID": "0b2b1d5e-514b-42b9-839e-2d9534aaef34",
        "score": 3,
        "comment": "Doloremque harum dignissimos earum blanditiis maiores rem.",
        "dateTime": "2023-08-25T02:18:02.059211"
    },
    {
        "_id": "4d55be71-2d74-4fcc-adb5-60f4e5fd413e",
        "productID": "d574f881-8a8c-4017-af36-0680efe3c55b",
        "userID": "bab9fc88-4eba-4240-821c-8e1448510635",
        "score": 5,
        "comment": "Quas beatae eveniet deserunt vitae.",
        "dateTime": "2023-11-13T12:41:00.153749"
    },
    {
        "_id": "6176f2ed-6af8-447f-bdcc-71b3189a4d3e",
        "productID": "8af80953-cf99-4011-ae3c-75392390a04e",
        "userID": "2b04e2bd-d6db-41c5-9577-e35bd822c2ee",
        "score": 2,
        "comment": "Nihil molestiae veritatis.",
        "dateTime": "2023-08-28T01:10:38.387688"
    },
    {
        "_id": "98a02ea0-6036-45a1-b8f5-d9d86a837b3f",
        "productID": "8af80953-cf99-4011-ae3c-75392390a04e",
        "userID": "af55935a-dc9c-4adf-b370-7249845d61cf",
        "score": 5,
        "comment": "Alias cumque dolorum voluptates provident impedit.",
        "dateTime": "2023-04-01T09:06:09.034305"
    },
    {
        "_id": "51f4d34c-414d-4b4c-be03-9b3b9e6178d8",
        "productID": "aec0ad56-c5d0-4b86-ab49-e8507570b3d8",
        "userID": "bab9fc88-4eba-4240-821c-8e1448510635",
        "score": 4,
        "comment": "Quidem nihil possimus ipsa velit.",
        "dateTime": "2023-05-22T01:23:27.241631"
    },
    {
        "_id": "07e54e88-3ced-4512-b0aa-8383baff4a6f",
        "productID": "8bd5743f-9c3e-47eb-aa50-dd37860e1100",
        "userID": "12c70310-7c01-40a4-a080-004a582f808e",
        "score": 4,
        "comment": "Labore ad aspernatur consequatur sit consequuntur iste.",
        "dateTime": "2023-02-24T13:41:00.133053"
    },
    {
        "_id": "fac3dab5-98c9-4c90-833d-1f07dc7c2c22",
        "productID": "8bd5743f-9c3e-47eb-aa50-dd37860e1100",
        "userID": "cbb2b56d-af38-466a-be7c-7c6743092fde",
        "score": 2,
        "comment": "Quod placeat expedita quae possimus veritatis consectetur.",
        "dateTime": "2023-07-19T05:33:25.181097"
    },
    {
        "_id": "205a7851-76a5-42ca-a04b-c678e6eb3072",
        "productID": "0fce1bf3-7cd7-423c-89b9-96e44caee05a",
        "userID": "bab9fc88-4eba-4240-821c-8e1448510635",
        "score": 5,
        "comment": "Commodi ipsum molestiae corporis.",
        "dateTime": "2023-01-04T12:58:40.431845"
    },
    {
        "_id": "7a689c99-fc47-488a-a664-ad45e4cbf6cb",
        "productID": "fc22f993-7fa2-4c00-b043-f9621715b0fb",
        "userID": "bab9fc88-4eba-4240-821c-8e1448510635",
        "score": 4,
        "comment": "Quam quos voluptas nam voluptatem.",
        "dateTime": "2023-06-11T01:35:40.679103"
    },
    {
        "_id": "0985a519-9889-445f-9a79-f193407a8ca2",
        "productID": "40654271-59d1-41e8-acfe-b5e7c4dd671b",
        "userID": "2284da68-2d43-46c4-824c-0a6e7c1a314f",
        "score": 5,
        "comment": "Saepe nihil nihil tempore.",
        "dateTime": "2023-06-17T15:18:32.900694"
    },
    {
        "_id": "e1d90c56-4417-443b-8d33-b15b7f5d381a",
        "productID": "6c498ff8-eae1-40de-b519-c4679d80259a",
        "userID": "e06f4a28-ee48-4cbb-bc03-1ee491d00a25",
        "score": 2,
        "comment": "Porro pariatur mollitia labore magnam.",
        "dateTime": "2023-06-05T09:58:16.981519"
    },
    {
        "_id": "c4396e86-4fcb-4c05-a704-7299c471cae2",
        "productID": "6c498ff8-eae1-40de-b519-c4679d80259a",
        "userID": "3771b274-e5e2-4b02-9406-01f1ae5b9090",
        "score": 3,
        "comment": "Porro reiciendis repellat magnam ipsum aut.",
        "dateTime": "2023-10-28T13:14:10.551964"
    },
    {
        "_id": "5448cbd1-ed00-433d-acea-ef4cdfd9a090",
        "productID": "c91b6a6e-857a-46a5-8c11-dc83bec4fc90",
        "userID": "7c36c0d0-8092-4579-a063-6828e7d2f743",
        "score": 2,
        "comment": "Similique consectetur in a at quo.",
        "dateTime": "2023-11-26T17:48:27.979364"
    },
    {
        "_id": "026a1ab8-02be-49b6-9201-d0defc2b9522",
        "productID": "c91b6a6e-857a-46a5-8c11-dc83bec4fc90",
        "userID": "3771b274-e5e2-4b02-9406-01f1ae5b9090",
        "score": 3,
        "comment": "Natus libero ratione hic.",
        "dateTime": "2023-08-09T05:06:29.539347"
    },
    {
        "_id": "40ad6558-1790-4018-b3b4-7b3dcca6b818",
        "productID": "173c12ff-75e0-44be-8c9a-d6136a67bd08",
        "userID": "68d93e09-5112-4dd3-8b62-a317896bb0d7",
        "score": 4,
        "comment": "Quibusdam voluptates non harum assumenda.",
        "dateTime": "2023-06-25T00:36:25.051893"
    },
    {
        "_id": "86b57738-50f0-43cd-b712-03434b6bb073",
        "productID": "173c12ff-75e0-44be-8c9a-d6136a67bd08",
        "userID": "a2a6a74e-c38c-4ef0-a841-6df802acee83",
        "score": 3,
        "comment": "Et quisquam unde minima assumenda quam ab.",
        "dateTime": "2023-03-05T16:51:06.866150"
    },
    {
        "_id": "3a044276-3a13-4e26-9d0c-f7d785d84b24",
        "productID": "68f5aeb0-ef7f-4ad0-a64a-c5d0df54858f",
        "userID": "68d93e09-5112-4dd3-8b62-a317896bb0d7",
        "score": 4,
        "comment": "Neque iste eligendi tenetur quos.",
        "dateTime": "2023-02-14T13:59:31.978503"
    },
    {
        "_id": "565120bb-6c55-4b05-b6c2-f2c0f5ae3e78",
        "productID": "e3d8bb1c-7215-40c1-8766-2ca6238e9173",
        "userID": "af55935a-dc9c-4adf-b370-7249845d61cf",
        "score": 1,
        "comment": "Reiciendis itaque provident.",
        "dateTime": "2023-11-06T21:07:02.606359"
    },
    {
        "_id": "dc503c69-90f5-439a-8e47-cd5f9b6dcf29",
        "productID": "975c40d3-8c4a-46c7-9bc7-d7e826f7d173",
        "userID": "b400e118-2f85-4357-911c-40efdb28f9b1",
        "score": 3,
        "comment": "Facilis animi quos.",
        "dateTime": "2023-10-27T16:55:21.389758"
    },
    {
        "_id": "9772451d-00d5-4cb5-91bb-c7de54f5e70a",
        "productID": "e1331193-0a94-4c93-bdb2-f6eb22b86589",
        "userID": "5085c27c-2f18-4008-b343-d481a3b05a01",
        "score": 1,
        "comment": "Corporis dolorem ut omnis iste ratione.",
        "dateTime": "2023-01-12T13:22:40.876689"
    },
    {
        "_id": "c572921a-65cb-4f86-a943-4afc1ab0bad8",
        "productID": "0f8ca27a-3c13-4a75-85db-0abaedf2fa5f",
        "userID": "12c70310-7c01-40a4-a080-004a582f808e",
        "score": 5,
        "comment": "Minima ipsam vel sint laboriosam aliquid iusto.",
        "dateTime": "2023-11-11T12:08:06.507143"
    },
    {
        "_id": "f56b5f90-f75a-4c9f-948c-49f6db917f6e",
        "productID": "0f8ca27a-3c13-4a75-85db-0abaedf2fa5f",
        "userID": "4e192300-88e8-425a-bd6e-80d54a3b25cc",
        "score": 5,
        "comment": "Explicabo similique eligendi.",
        "dateTime": "2023-09-17T13:56:52.760767"
    },
    {
        "_id": "78ba6594-a410-404d-9af1-790ad64b112a",
        "productID": "bbd9f607-fd5b-4780-bba3-9a263ee776f0",
        "userID": "5085c27c-2f18-4008-b343-d481a3b05a01",
        "score": 4,
        "comment": "Ratione nulla architecto.",
        "dateTime": "2023-07-29T23:54:22.043710"
    },
    {
        "_id": "90c941f2-28f5-4502-aa00-091b45ec6fd5",
        "productID": "bbd9f607-fd5b-4780-bba3-9a263ee776f0",
        "userID": "cbb2b56d-af38-466a-be7c-7c6743092fde",
        "score": 1,
        "comment": "Fuga iusto ipsa in itaque saepe nesciunt.",
        "dateTime": "2023-11-15T10:28:33.625163"
    },
    {
        "_id": "594ce1d5-b492-44a9-9c62-4838cdc035f1",
        "productID": "b0ad5640-75df-4612-82b3-6edd9d1a873d",
        "userID": "2284da68-2d43-46c4-824c-0a6e7c1a314f",
        "score": 3,
        "comment": "Alias voluptas officia quis quaerat dolore.",
        "dateTime": "2023-03-19T08:32:56.370167"
    },
    {
        "_id": "e8945e87-5146-4c97-b9dc-5bcef93c9a8c",
        "productID": "345d1a0e-a274-44fe-875c-901a5d01bedc",
        "userID": "bab9fc88-4eba-4240-821c-8e1448510635",
        "score": 1,
        "comment": "Modi minus dolores reprehenderit totam.",
        "dateTime": "2023-05-12T15:51:09.291669"
    },
    {
        "_id": "902cb27d-7516-48c4-ab5e-51cea5958a95",
        "productID": "345d1a0e-a274-44fe-875c-901a5d01bedc",
        "userID": "a2a6a74e-c38c-4ef0-a841-6df802acee83",
        "score": 1,
        "comment": "Minima eligendi sequi occaecati eveniet quidem.",
        "dateTime": "2023-09-09T20:06:27.845802"
    },
    {
        "_id": "8c898133-b72b-46c1-93f1-83043bcab61f",
        "productID": "72000139-bd3b-4824-92ce-145a1ab6b7ea",
        "userID": "b400e118-2f85-4357-911c-40efdb28f9b1",
        "score": 5,
        "comment": "Error veritatis at illo repellendus.",
        "dateTime": "2023-05-19T16:41:45.148798"
    }
]